Year,ONS_Code,Org_Code,Org_Name,Classification,Metric_Primary,Metric_Secondary,Metric_Tertiary,Value
2015/16,E92000001,ENG,England,AgeGender,Number setting a quit date,All persons,All ages,382500
2015/16,E92000001,ENG,England,AgeGender,Number who successfully quit (self-reported),All persons,All ages,195170
2015/16,E92000001,ENG,England,AgeGender,Number who had not quit,All persons,All ages,100178
2015/16,E92000001,ENG,England,AgeGender,Number not known/lost to follow up,All persons,All ages,87152
2015/16,E92000001,ENG,England,AgeGender,Number who had successfully quit confirmed by CO validation,All persons,All ages,139287
2015/16,E92000001,ENG,England,AgeGender,Number setting a quit date,All persons,Under 18,7554
2015/16,E92000001,ENG,England,AgeGender,Number who successfully quit (self-reported),All persons,Under 18,3248
2015/16,E92000001,ENG,England,AgeGender,Number who had not quit,All persons,Under 18,2195
2015/16,E92000001,ENG,England,AgeGender,Number not known/lost to follow up,All persons,Under 18,2111
2015/16,E92000001,ENG,England,AgeGender,Number who had successfully quit confirmed by CO validation,All persons,Under 18,2424
2015/16,E92000001,ENG,England,AgeGender,Number setting a quit date,All persons,18-34,108642
2015/16,E92000001,ENG,England,AgeGender,Number who successfully quit (self-reported),All persons,18-34,50087
2015/16,E92000001,ENG,England,AgeGender,Number who had not quit,All persons,18-34,28559
2015/16,E92000001,ENG,England,AgeGender,Number not known/lost to follow up,All persons,18-34,29996
2015/16,E92000001,ENG,England,AgeGender,Number who had successfully quit confirmed by CO validation,All persons,18-34,32807
2015/16,E92000001,ENG,England,AgeGender,Number setting a quit date,All persons,35-44,81700
2015/16,E92000001,ENG,England,AgeGender,Number who successfully quit (self-reported),All persons,35-44,41777
2015/16,E92000001,ENG,England,AgeGender,Number who had not quit,All persons,35-44,20521
2015/16,E92000001,ENG,England,AgeGender,Number not known/lost to follow up,All persons,35-44,19402
2015/16,E92000001,ENG,England,AgeGender,Number who had successfully quit confirmed by CO validation,All persons,35-44,29891
2015/16,E92000001,ENG,England,AgeGender,Number setting a quit date,All persons,45-59,114297
2015/16,E92000001,ENG,England,AgeGender,Number who successfully quit (self-reported),All persons,45-59,59668
2015/16,E92000001,ENG,England,AgeGender,Number who had not quit,All persons,45-59,30365
2015/16,E92000001,ENG,England,AgeGender,Number not known/lost to follow up,All persons,45-59,24264
2015/16,E92000001,ENG,England,AgeGender,Number who had successfully quit confirmed by CO validation,All persons,45-59,43881
2015/16,E92000001,ENG,England,AgeGender,Number setting a quit date,All persons,60+,70307
2015/16,E92000001,ENG,England,AgeGender,Number who successfully quit (self-reported),All persons,60+,40390
2015/16,E92000001,ENG,England,AgeGender,Number who had not quit,All persons,60+,18538
2015/16,E92000001,ENG,England,AgeGender,Number not known/lost to follow up,All persons,60+,11379
2015/16,E92000001,ENG,England,AgeGender,Number who had successfully quit confirmed by CO validation,All persons,60+,30284
2015/16,E92000001,ENG,England,AgeGender,Number setting a quit date,Male,All ages,183024
2015/16,E92000001,ENG,England,AgeGender,Number who successfully quit (self-reported),Male,All ages,95556
2015/16,E92000001,ENG,England,AgeGender,Number who had not quit,Male,All ages,45630
2015/16,E92000001,ENG,England,AgeGender,Number not known/lost to follow up,Male,All ages,41838
2015/16,E92000001,ENG,England,AgeGender,Number who had successfully quit confirmed by CO validation,Male,All ages,69007
2015/16,E92000001,ENG,England,AgeGender,Number setting a quit date,Male,Under 18,3720
2015/16,E92000001,ENG,England,AgeGender,Number who successfully quit (self-reported),Male,Under 18,1785
2015/16,E92000001,ENG,England,AgeGender,Number who had not quit,Male,Under 18,968
2015/16,E92000001,ENG,England,AgeGender,Number not known/lost to follow up,Male,Under 18,967
2015/16,E92000001,ENG,England,AgeGender,Number who had successfully quit confirmed by CO validation,Male,Under 18,1391
2015/16,E92000001,ENG,England,AgeGender,Number setting a quit date,Male,18-34,47806
2015/16,E92000001,ENG,England,AgeGender,Number who successfully quit (self-reported),Male,18-34,22231
2015/16,E92000001,ENG,England,AgeGender,Number who had not quit,Male,18-34,11892
2015/16,E92000001,ENG,England,AgeGender,Number not known/lost to follow up,Male,18-34,13683
2015/16,E92000001,ENG,England,AgeGender,Number who had successfully quit confirmed by CO validation,Male,18-34,14987
2015/16,E92000001,ENG,England,AgeGender,Number setting a quit date,Male,35-44,41729
2015/16,E92000001,ENG,England,AgeGender,Number who successfully quit (self-reported),Male,35-44,21772
2015/16,E92000001,ENG,England,AgeGender,Number who had not quit,Male,35-44,10058
2015/16,E92000001,ENG,England,AgeGender,Number not known/lost to follow up,Male,35-44,9899
2015/16,E92000001,ENG,England,AgeGender,Number who had successfully quit confirmed by CO validation,Male,35-44,15656
2015/16,E92000001,ENG,England,AgeGender,Number setting a quit date,Male,45-59,55271
2015/16,E92000001,ENG,England,AgeGender,Number who successfully quit (self-reported),Male,45-59,29425
2015/16,E92000001,ENG,England,AgeGender,Number who had not quit,Male,45-59,14130
2015/16,E92000001,ENG,England,AgeGender,Number not known/lost to follow up,Male,45-59,11716
2015/16,E92000001,ENG,England,AgeGender,Number who had successfully quit confirmed by CO validation,Male,45-59,21590
2015/16,E92000001,ENG,England,AgeGender,Number setting a quit date,Male,60+,34498
2015/16,E92000001,ENG,England,AgeGender,Number who successfully quit (self-reported),Male,60+,20343
2015/16,E92000001,ENG,England,AgeGender,Number who had not quit,Male,60+,8582
2015/16,E92000001,ENG,England,AgeGender,Number not known/lost to follow up,Male,60+,5573
2015/16,E92000001,ENG,England,AgeGender,Number who had successfully quit confirmed by CO validation,Male,60+,15383
2015/16,E92000001,ENG,England,AgeGender,Number setting a quit date,Female,All ages,199476
2015/16,E92000001,ENG,England,AgeGender,Number who successfully quit (self-reported),Female,All ages,99614
2015/16,E92000001,ENG,England,AgeGender,Number who had not quit,Female,All ages,54548
2015/16,E92000001,ENG,England,AgeGender,Number not known/lost to follow up,Female,All ages,45314
2015/16,E92000001,ENG,England,AgeGender,Number who had successfully quit confirmed by CO validation,Female,All ages,70280
2015/16,E92000001,ENG,England,AgeGender,Number setting a quit date,Female,Under 18,3834
2015/16,E92000001,ENG,England,AgeGender,Number who successfully quit (self-reported),Female,Under 18,1463
2015/16,E92000001,ENG,England,AgeGender,Number who had not quit,Female,Under 18,1227
2015/16,E92000001,ENG,England,AgeGender,Number not known/lost to follow up,Female,Under 18,1144
2015/16,E92000001,ENG,England,AgeGender,Number who had successfully quit confirmed by CO validation,Female,Under 18,1033
2015/16,E92000001,ENG,England,AgeGender,Number setting a quit date,Female,18-34,60836
2015/16,E92000001,ENG,England,AgeGender,Number who successfully quit (self-reported),Female,18-34,27856
2015/16,E92000001,ENG,England,AgeGender,Number who had not quit,Female,18-34,16667
2015/16,E92000001,ENG,England,AgeGender,Number not known/lost to follow up,Female,18-34,16313
2015/16,E92000001,ENG,England,AgeGender,Number who had successfully quit confirmed by CO validation,Female,18-34,17820
2015/16,E92000001,ENG,England,AgeGender,Number setting a quit date,Female,35-44,39971
2015/16,E92000001,ENG,England,AgeGender,Number who successfully quit (self-reported),Female,35-44,20005
2015/16,E92000001,ENG,England,AgeGender,Number who had not quit,Female,35-44,10463
2015/16,E92000001,ENG,England,AgeGender,Number not known/lost to follow up,Female,35-44,9503
2015/16,E92000001,ENG,England,AgeGender,Number who had successfully quit confirmed by CO validation,Female,35-44,14235
2015/16,E92000001,ENG,England,AgeGender,Number setting a quit date,Female,45-59,59026
2015/16,E92000001,ENG,England,AgeGender,Number who successfully quit (self-reported),Female,45-59,30243
2015/16,E92000001,ENG,England,AgeGender,Number who had not quit,Female,45-59,16235
2015/16,E92000001,ENG,England,AgeGender,Number not known/lost to follow up,Female,45-59,12548
2015/16,E92000001,ENG,England,AgeGender,Number who had successfully quit confirmed by CO validation,Female,45-59,22291
2015/16,E92000001,ENG,England,AgeGender,Number setting a quit date,Female,60+,35809
2015/16,E92000001,ENG,England,AgeGender,Number who successfully quit (self-reported),Female,60+,20047
2015/16,E92000001,ENG,England,AgeGender,Number who had not quit,Female,60+,9956
2015/16,E92000001,ENG,England,AgeGender,Number not known/lost to follow up,Female,60+,5806
2015/16,E92000001,ENG,England,AgeGender,Number who had successfully quit confirmed by CO validation,Female,60+,14901
