Year,ONS_Code,Org_Code,Org_Name,Classification,Metric_Primary,Value
2015/16,E92000001,ENG,England,Pregnant,Number setting a quit date,17443
2015/16,E92000001,ENG,England,Pregnant,Number of successful quitters (self-reported),7914
2015/16,E92000001,ENG,England,Pregnant,Number who had not quit,5423
2015/16,E92000001,ENG,England,Pregnant,Number not known/lost to follow up,4106
2015/16,E92000001,ENG,England,Pregnant,Number who had successfully quit confirmed by CO validation,4837
2014/15,E92000001,ENG,England,Pregnant,Number setting a quit date,18887.11346
2014/15,E92000001,ENG,England,Pregnant,Number of successful quitters (self-reported),8837.717691
2014/15,E92000001,ENG,England,Pregnant,Number who had not quit,5637.890139
2014/15,E92000001,ENG,England,Pregnant,Number not known/lost to follow up,4411.505625
2014/15,E92000001,ENG,England,Pregnant,Number who had successfully quit confirmed by CO validation,5198.882485
2013/14,E92000001,ENG,England,Pregnant,Number setting a quit date,19833.45125
2013/14,E92000001,ENG,England,Pregnant,Number of successful quitters (self-reported),9376.062678
2013/14,E92000001,ENG,England,Pregnant,Number who had not quit,5841.888832
2013/14,E92000001,ENG,England,Pregnant,Number not known/lost to follow up,4615.499743
2013/14,E92000001,ENG,England,Pregnant,Number who had successfully quit confirmed by CO validation,5289.22943
2012/13,E92000001,ENG,England,Pregnant,Number setting a quit date,21780
2012/13,E92000001,ENG,England,Pregnant,Number of successful quitters (self-reported),10222
2012/13,E92000001,ENG,England,Pregnant,Number who had not quit,6426
2012/13,E92000001,ENG,England,Pregnant,Number not known/lost to follow up,5132
2012/13,E92000001,ENG,England,Pregnant,Number who had successfully quit confirmed by CO validation,6093
2011/12,E92000001,ENG,England,Pregnant,Number setting a quit date,26080
2011/12,E92000001,ENG,England,Pregnant,Number of successful quitters (self-reported),11623
2011/12,E92000001,ENG,England,Pregnant,Number who had not quit,8212
2011/12,E92000001,ENG,England,Pregnant,Number not known/lost to follow up,6245
2011/12,E92000001,ENG,England,Pregnant,Number who had successfully quit confirmed by CO validation,6853
2010/11,E92000001,ENG,England,Pregnant,Number setting a quit date,21839
2010/11,E92000001,ENG,England,Pregnant,Number of successful quitters (self-reported),9864
2010/11,E92000001,ENG,England,Pregnant,Number who had not quit,7091
2010/11,E92000001,ENG,England,Pregnant,Number not known/lost to follow up,4884
2010/11,E92000001,ENG,England,Pregnant,Number who had successfully quit confirmed by CO validation,5918
2009/10,E92000001,ENG,England,Pregnant,Number setting a quit date,20808
2009/10,E92000001,ENG,England,Pregnant,Number of successful quitters (self-reported),9414
2009/10,E92000001,ENG,England,Pregnant,Number who had not quit,6694
2009/10,E92000001,ENG,England,Pregnant,Number not known/lost to follow up,4700
2009/10,E92000001,ENG,England,Pregnant,Number who had successfully quit confirmed by CO validation,5419
2008/09,E92000001,ENG,England,Pregnant,Number setting a quit date,18928
2008/09,E92000001,ENG,England,Pregnant,Number of successful quitters (self-reported),8641
2008/09,E92000001,ENG,England,Pregnant,Number who had not quit,6215
2008/09,E92000001,ENG,England,Pregnant,Number not known/lost to follow up,4072
2008/09,E92000001,ENG,England,Pregnant,Number who had successfully quit confirmed by CO validation,4597
2007/08,E92000001,ENG,England,Pregnant,Number setting a quit date,18977
2007/08,E92000001,ENG,England,Pregnant,Number of successful quitters (self-reported),9817
2007/08,E92000001,ENG,England,Pregnant,Number who had not quit,5833
2007/08,E92000001,ENG,England,Pregnant,Number not known/lost to follow up,3327
2007/08,E92000001,ENG,England,Pregnant,Number who had successfully quit confirmed by CO validation,4934
2006/07,E92000001,ENG,England,Pregnant,Number setting a quit date,18341
2006/07,E92000001,ENG,England,Pregnant,Number of successful quitters (self-reported),9547
2006/07,E92000001,ENG,England,Pregnant,Number who had not quit,5561
2006/07,E92000001,ENG,England,Pregnant,Number not known/lost to follow up,3233
2006/07,E92000001,ENG,England,Pregnant,Number who had successfully quit confirmed by CO validation,4997
2005/06,E92000001,ENG,England,Pregnant,Number setting a quit date,17920
2005/06,E92000001,ENG,England,Pregnant,Number of successful quitters (self-reported),9586
2005/06,E92000001,ENG,England,Pregnant,Number who had not quit,5472
2005/06,E92000001,ENG,England,Pregnant,Number not known/lost to follow up,2862
2005/06,E92000001,ENG,England,Pregnant,Number who had successfully quit confirmed by CO validation,4739
2004/05,E92000001,ENG,England,Pregnant,Number setting a quit date,15060
2004/05,E92000001,ENG,England,Pregnant,Number of successful quitters (self-reported),7702
2004/05,E92000001,ENG,England,Pregnant,Number who had not quit,4715
2004/05,E92000001,ENG,England,Pregnant,Number not known/lost to follow up,2637
2004/05,E92000001,ENG,England,Pregnant,Number who had successfully quit confirmed by CO validation,4617
