Year,ONS_Code,Org_Code,Org_Name,Classification,Metric_Primary,Metric_Secondary,Value
2015/16,E92000001,ENG,England,SocioEconomic,Number setting a quit date,Managerial and professional occupations,44429
2015/16,E92000001,ENG,England,SocioEconomic,Number setting a quit date,Intermediate occupations,29085
2015/16,E92000001,ENG,England,SocioEconomic,Number setting a quit date,Routine and manual occupations,99320
2015/16,E92000001,ENG,England,SocioEconomic,Number setting a quit date,Full time student,13305
2015/16,E92000001,ENG,England,SocioEconomic,Number setting a quit date,Home carers (unpaid),19342
2015/16,E92000001,ENG,England,SocioEconomic,Number setting a quit date,Never worked or unemployed for over 1 year,54075
2015/16,E92000001,ENG,England,SocioEconomic,Number setting a quit date,Prisoners,9251
2015/16,E92000001,ENG,England,SocioEconomic,Number setting a quit date,Retired,49087
2015/16,E92000001,ENG,England,SocioEconomic,Number setting a quit date,Sick/ disabled and unable to return to work,30637
2015/16,E92000001,ENG,England,SocioEconomic,Number setting a quit date,Unable to code,33969
2015/16,E92000001,ENG,England,SocioEconomic,Number who successfully quit (self-reported),Managerial and professional occupations,25676
2015/16,E92000001,ENG,England,SocioEconomic,Number who successfully quit (self-reported),Intermediate occupations,16351
2015/16,E92000001,ENG,England,SocioEconomic,Number who successfully quit (self-reported),Routine and manual occupations,53902
2015/16,E92000001,ENG,England,SocioEconomic,Number who successfully quit (self-reported),Full time student,5930
2015/16,E92000001,ENG,England,SocioEconomic,Number who successfully quit (self-reported),Home carers (unpaid),9284
2015/16,E92000001,ENG,England,SocioEconomic,Number who successfully quit (self-reported),Never worked or unemployed for over 1 year,22913
2015/16,E92000001,ENG,England,SocioEconomic,Number who successfully quit (self-reported),Prisoners,4254
2015/16,E92000001,ENG,England,SocioEconomic,Number who successfully quit (self-reported),Retired,28649
2015/16,E92000001,ENG,England,SocioEconomic,Number who successfully quit (self-reported),Sick/ disabled and unable to return to work,13762
2015/16,E92000001,ENG,England,SocioEconomic,Number who successfully quit (self-reported),Unable to code,14449
2014/15,E92000001,ENG,England,SocioEconomic,Number setting a quit date,Managerial and professional occupations,49927.75224
2014/15,E92000001,ENG,England,SocioEconomic,Number setting a quit date,Intermediate occupations,34632.8323
2014/15,E92000001,ENG,England,SocioEconomic,Number setting a quit date,Routine and manual occupations,109466.8173
2014/15,E92000001,ENG,England,SocioEconomic,Number setting a quit date,Full time student,16755.00015
2014/15,E92000001,ENG,England,SocioEconomic,Number setting a quit date,Home carers (unpaid),22557.65292
2014/15,E92000001,ENG,England,SocioEconomic,Number setting a quit date,Never worked or unemployed for over 1 year,64749.21065
2014/15,E92000001,ENG,England,SocioEconomic,Number setting a quit date,Prisoners,11731
2014/15,E92000001,ENG,England,SocioEconomic,Number setting a quit date,Retired,54366.29432
2014/15,E92000001,ENG,England,SocioEconomic,Number setting a quit date,Sick/ disabled and unable to return to work,33487.20258
2014/15,E92000001,ENG,England,SocioEconomic,Number setting a quit date,Unable to code,52907.81442
2014/15,E92000001,ENG,England,SocioEconomic,Number who successfully quit (self-reported),Managerial and professional occupations,29432.42002
2014/15,E92000001,ENG,England,SocioEconomic,Number who successfully quit (self-reported),Intermediate occupations,19863.16043
2014/15,E92000001,ENG,England,SocioEconomic,Number who successfully quit (self-reported),Routine and manual occupations,60015.58802
2014/15,E92000001,ENG,England,SocioEconomic,Number who successfully quit (self-reported),Full time student,7304.549659
2014/15,E92000001,ENG,England,SocioEconomic,Number who successfully quit (self-reported),Home carers (unpaid),11105.25201
2014/15,E92000001,ENG,England,SocioEconomic,Number who successfully quit (self-reported),Never worked or unemployed for over 1 year,27878.19485
2014/15,E92000001,ENG,England,SocioEconomic,Number who successfully quit (self-reported),Prisoners,5449
2014/15,E92000001,ENG,England,SocioEconomic,Number who successfully quit (self-reported),Retired,32550.25975
2014/15,E92000001,ENG,England,SocioEconomic,Number who successfully quit (self-reported),Sick/ disabled and unable to return to work,14966.78636
2014/15,E92000001,ENG,England,SocioEconomic,Number who successfully quit (self-reported),Unable to code,21122.29448
2013/14,E92000001,ENG,England,SocioEconomic,Number setting a quit date,Managerial and professional occupations,64252.91849
2013/14,E92000001,ENG,England,SocioEconomic,Number setting a quit date,Intermediate occupations,43463.50749
2013/14,E92000001,ENG,England,SocioEconomic,Number setting a quit date,Routine and manual occupations,138569.4739
2013/14,E92000001,ENG,England,SocioEconomic,Number setting a quit date,Full time student,22187.59549
2013/14,E92000001,ENG,England,SocioEconomic,Number setting a quit date,Home carers (unpaid),30215.8522
2013/14,E92000001,ENG,England,SocioEconomic,Number setting a quit date,Never worked or unemployed for over 1 year,86761.48635
2013/14,E92000001,ENG,England,SocioEconomic,Number setting a quit date,Prisoners,12975
2013/14,E92000001,ENG,England,SocioEconomic,Number setting a quit date,Retired,67332.13711
2013/14,E92000001,ENG,England,SocioEconomic,Number setting a quit date,Sick/ disabled and unable to return to work,38761.38534
2013/14,E92000001,ENG,England,SocioEconomic,Number setting a quit date,Unable to code,80394.38963
2013/14,E92000001,ENG,England,SocioEconomic,Number who successfully quit (self-reported),Managerial and professional occupations,38306.20875
2013/14,E92000001,ENG,England,SocioEconomic,Number who successfully quit (self-reported),Intermediate occupations,25282.36898
2013/14,E92000001,ENG,England,SocioEconomic,Number who successfully quit (self-reported),Routine and manual occupations,77411.89225
2013/14,E92000001,ENG,England,SocioEconomic,Number who successfully quit (self-reported),Full time student,9158.533147
2013/14,E92000001,ENG,England,SocioEconomic,Number who successfully quit (self-reported),Home carers (unpaid),14817.52525
2013/14,E92000001,ENG,England,SocioEconomic,Number who successfully quit (self-reported),Never worked or unemployed for over 1 year,37261.47533
2013/14,E92000001,ENG,England,SocioEconomic,Number who successfully quit (self-reported),Prisoners,6781
2013/14,E92000001,ENG,England,SocioEconomic,Number who successfully quit (self-reported),Retired,40579.43527
2013/14,E92000001,ENG,England,SocioEconomic,Number who successfully quit (self-reported),Sick/ disabled and unable to return to work,17724.83385
2013/14,E92000001,ENG,England,SocioEconomic,Number who successfully quit (self-reported),Unable to code,32644.73261
2012/13,E92000001,ENG,England,SocioEconomic,Number setting a quit date,Managerial and professional occupations,81256
2012/13,E92000001,ENG,England,SocioEconomic,Number setting a quit date,Intermediate occupations,56247
2012/13,E92000001,ENG,England,SocioEconomic,Number setting a quit date,Routine and manual occupations,177795
2012/13,E92000001,ENG,England,SocioEconomic,Number setting a quit date,Full time student,29852
2012/13,E92000001,ENG,England,SocioEconomic,Number setting a quit date,Home carers (unpaid),40899
2012/13,E92000001,ENG,England,SocioEconomic,Number setting a quit date,Never worked or unemployed for over 1 year,110117
2012/13,E92000001,ENG,England,SocioEconomic,Number setting a quit date,Prisoners,14409
2012/13,E92000001,ENG,England,SocioEconomic,Number setting a quit date,Retired,80471
2012/13,E92000001,ENG,England,SocioEconomic,Number setting a quit date,Sick/ disabled and unable to return to work,45672
2012/13,E92000001,ENG,England,SocioEconomic,Number setting a quit date,Unable to code,87529
2012/13,E92000001,ENG,England,SocioEconomic,Number who successfully quit (self-reported),Managerial and professional occupations,48847
2012/13,E92000001,ENG,England,SocioEconomic,Number who successfully quit (self-reported),Intermediate occupations,32237
2012/13,E92000001,ENG,England,SocioEconomic,Number who successfully quit (self-reported),Routine and manual occupations,97712
2012/13,E92000001,ENG,England,SocioEconomic,Number who successfully quit (self-reported),Full time student,11444
2012/13,E92000001,ENG,England,SocioEconomic,Number who successfully quit (self-reported),Home carers (unpaid),20025
2012/13,E92000001,ENG,England,SocioEconomic,Number who successfully quit (self-reported),Never worked or unemployed for over 1 year,46071
2012/13,E92000001,ENG,England,SocioEconomic,Number who successfully quit (self-reported),Prisoners,7841
2012/13,E92000001,ENG,England,SocioEconomic,Number who successfully quit (self-reported),Retired,47831
2012/13,E92000001,ENG,England,SocioEconomic,Number who successfully quit (self-reported),Sick/ disabled and unable to return to work,20860
2012/13,E92000001,ENG,England,SocioEconomic,Number who successfully quit (self-reported),Unable to code,41004
2011/12,E92000001,ENG,England,SocioEconomic,Number setting a quit date,Managerial and professional occupations,93711
2011/12,E92000001,ENG,England,SocioEconomic,Number setting a quit date,Intermediate occupations,63973
2011/12,E92000001,ENG,England,SocioEconomic,Number setting a quit date,Routine and manual occupations,196978
2011/12,E92000001,ENG,England,SocioEconomic,Number setting a quit date,Full time student,36104
2011/12,E92000001,ENG,England,SocioEconomic,Number setting a quit date,Home carers (unpaid),46167
2011/12,E92000001,ENG,England,SocioEconomic,Number setting a quit date,Never worked or unemployed for over 1 year,119817
2011/12,E92000001,ENG,England,SocioEconomic,Number setting a quit date,Prisoners,14506
2011/12,E92000001,ENG,England,SocioEconomic,Number setting a quit date,Retired,90531
2011/12,E92000001,ENG,England,SocioEconomic,Number setting a quit date,Sick/ disabled and unable to return to work,50145
2011/12,E92000001,ENG,England,SocioEconomic,Number setting a quit date,Unable to code,104512
2011/12,E92000001,ENG,England,SocioEconomic,Number who successfully quit (self-reported),Managerial and professional occupations,53615
2011/12,E92000001,ENG,England,SocioEconomic,Number who successfully quit (self-reported),Intermediate occupations,34830
2011/12,E92000001,ENG,England,SocioEconomic,Number who successfully quit (self-reported),Routine and manual occupations,103574
2011/12,E92000001,ENG,England,SocioEconomic,Number who successfully quit (self-reported),Full time student,12881
2011/12,E92000001,ENG,England,SocioEconomic,Number who successfully quit (self-reported),Home carers (unpaid),21059
2011/12,E92000001,ENG,England,SocioEconomic,Number who successfully quit (self-reported),Never worked or unemployed for over 1 year,46999
2011/12,E92000001,ENG,England,SocioEconomic,Number who successfully quit (self-reported),Prisoners,7784
2011/12,E92000001,ENG,England,SocioEconomic,Number who successfully quit (self-reported),Retired,51842
2011/12,E92000001,ENG,England,SocioEconomic,Number who successfully quit (self-reported),Sick/ disabled and unable to return to work,21434
2011/12,E92000001,ENG,England,SocioEconomic,Number who successfully quit (self-reported),Unable to code,46937
2010/11,E92000001,ENG,England,SocioEconomic,Number setting a quit date,Managerial and professional occupations,93967
2010/11,E92000001,ENG,England,SocioEconomic,Number setting a quit date,Intermediate occupations,60620
2010/11,E92000001,ENG,England,SocioEconomic,Number setting a quit date,Routine and manual occupations,180601
2010/11,E92000001,ENG,England,SocioEconomic,Number setting a quit date,Full time student,35192
2010/11,E92000001,ENG,England,SocioEconomic,Number setting a quit date,Home carers (unpaid),42545
2010/11,E92000001,ENG,England,SocioEconomic,Number setting a quit date,Never worked or unemployed for over 1 year,100515
2010/11,E92000001,ENG,England,SocioEconomic,Number setting a quit date,Prisoners,12153
2010/11,E92000001,ENG,England,SocioEconomic,Number setting a quit date,Retired,88679
2010/11,E92000001,ENG,England,SocioEconomic,Number setting a quit date,Sick/ disabled and unable to return to work,46603
2010/11,E92000001,ENG,England,SocioEconomic,Number setting a quit date,Unable to code,126652
2010/11,E92000001,ENG,England,SocioEconomic,Number who successfully quit (self-reported),Managerial and professional occupations,53641
2010/11,E92000001,ENG,England,SocioEconomic,Number who successfully quit (self-reported),Intermediate occupations,33025
2010/11,E92000001,ENG,England,SocioEconomic,Number who successfully quit (self-reported),Routine and manual occupations,94259
2010/11,E92000001,ENG,England,SocioEconomic,Number who successfully quit (self-reported),Full time student,12357
2010/11,E92000001,ENG,England,SocioEconomic,Number who successfully quit (self-reported),Home carers (unpaid),19524
2010/11,E92000001,ENG,England,SocioEconomic,Number who successfully quit (self-reported),Never worked or unemployed for over 1 year,38786
2010/11,E92000001,ENG,England,SocioEconomic,Number who successfully quit (self-reported),Prisoners,6497
2010/11,E92000001,ENG,England,SocioEconomic,Number who successfully quit (self-reported),Retired,50883
2010/11,E92000001,ENG,England,SocioEconomic,Number who successfully quit (self-reported),Sick/ disabled and unable to return to work,19646
2010/11,E92000001,ENG,England,SocioEconomic,Number who successfully quit (self-reported),Unable to code,54930
2009/10,E92000001,ENG,England,SocioEconomic,Number setting a quit date,Managerial and professional occupations,91264
2009/10,E92000001,ENG,England,SocioEconomic,Number setting a quit date,Intermediate occupations,54227
2009/10,E92000001,ENG,England,SocioEconomic,Number setting a quit date,Routine and manual occupations,160132
2009/10,E92000001,ENG,England,SocioEconomic,Number setting a quit date,Full time student,34347
2009/10,E92000001,ENG,England,SocioEconomic,Number setting a quit date,Home carers (unpaid),38855
2009/10,E92000001,ENG,England,SocioEconomic,Number setting a quit date,Never worked or unemployed for over 1 year,91603
2009/10,E92000001,ENG,England,SocioEconomic,Number setting a quit date,Prisoners,7735
2009/10,E92000001,ENG,England,SocioEconomic,Number setting a quit date,Retired,77281
2009/10,E92000001,ENG,England,SocioEconomic,Number setting a quit date,Sick/ disabled and unable to return to work,42394
2009/10,E92000001,ENG,England,SocioEconomic,Number setting a quit date,Unable to code,159699
2009/10,E92000001,ENG,England,SocioEconomic,Number who successfully quit (self-reported),Managerial and professional occupations,52149
2009/10,E92000001,ENG,England,SocioEconomic,Number who successfully quit (self-reported),Intermediate occupations,29708
2009/10,E92000001,ENG,England,SocioEconomic,Number who successfully quit (self-reported),Routine and manual occupations,84652
2009/10,E92000001,ENG,England,SocioEconomic,Number who successfully quit (self-reported),Full time student,12066
2009/10,E92000001,ENG,England,SocioEconomic,Number who successfully quit (self-reported),Home carers (unpaid),17957
2009/10,E92000001,ENG,England,SocioEconomic,Number who successfully quit (self-reported),Never worked or unemployed for over 1 year,36150
2009/10,E92000001,ENG,England,SocioEconomic,Number who successfully quit (self-reported),Prisoners,4214
2009/10,E92000001,ENG,England,SocioEconomic,Number who successfully quit (self-reported),Retired,44831
2009/10,E92000001,ENG,England,SocioEconomic,Number who successfully quit (self-reported),Sick/ disabled and unable to return to work,18150
2009/10,E92000001,ENG,England,SocioEconomic,Number who successfully quit (self-reported),Unable to code,74077
