Time period,OrgCode,ParentOrgCode,QuitStatus,MonitoringCategory,Total
2016/17,E06000001,E12000001,Quit,Free prescriptions,391
2016/17,E06000001,E12000001,Set quit date,Free prescriptions,1160
2016/17,E06000002,E12000001,Quit,Free prescriptions,373
2016/17,E06000002,E12000001,Set quit date,Free prescriptions,975
2016/17,E06000003,E12000001,Quit,Free prescriptions,438
2016/17,E06000003,E12000001,Set quit date,Free prescriptions,1008
2016/17,E06000004,E12000001,Quit,Free prescriptions,671
2016/17,E06000004,E12000001,Set quit date,Free prescriptions,1756
2016/17,E06000005,E12000001,Quit,Free prescriptions,126
2016/17,E06000005,E12000001,Set quit date,Free prescriptions,374
2016/17,E06000006,E12000002,Quit,Free prescriptions,295
2016/17,E06000006,E12000002,Set quit date,Free prescriptions,626
2016/17,E06000007,E12000002,Quit,Free prescriptions,519
2016/17,E06000007,E12000002,Set quit date,Free prescriptions,760
2016/17,E06000008,E12000002,Quit,Free prescriptions,540
2016/17,E06000008,E12000002,Set quit date,Free prescriptions,1302
2016/17,E06000009,E12000002,Quit,Free prescriptions,282
2016/17,E06000009,E12000002,Set quit date,Free prescriptions,730
2016/17,E06000010,E12000003,Quit,Free prescriptions,793
2016/17,E06000010,E12000003,Set quit date,Free prescriptions,1039
2016/17,E06000011,E12000003,Quit,Free prescriptions,402
2016/17,E06000011,E12000003,Set quit date,Free prescriptions,827
2016/17,E06000012,E12000003,Quit,Free prescriptions,265
2016/17,E06000012,E12000003,Set quit date,Free prescriptions,579
2016/17,E06000013,E12000003,Quit,Free prescriptions,510
2016/17,E06000013,E12000003,Set quit date,Free prescriptions,814
2016/17,E06000015,E12000004,Quit,Free prescriptions,334
2016/17,E06000015,E12000004,Set quit date,Free prescriptions,628
2016/17,E06000016,E12000004,Quit,Free prescriptions,1086
2016/17,E06000016,E12000004,Set quit date,Free prescriptions,2175
2016/17,E06000017,E12000004,Quit,Free prescriptions,44
2016/17,E06000017,E12000004,Set quit date,Free prescriptions,74
2016/17,E06000018,E12000004,Quit,Free prescriptions,846
2016/17,E06000018,E12000004,Set quit date,Free prescriptions,1399
2016/17,E06000019,E12000005,Quit,Free prescriptions,59
2016/17,E06000019,E12000005,Set quit date,Free prescriptions,143
2016/17,E06000020,E12000005,Quit,Free prescriptions,677
2016/17,E06000020,E12000005,Set quit date,Free prescriptions,1213
2016/17,E06000021,E12000005,Quit,Free prescriptions,1420
2016/17,E06000021,E12000005,Set quit date,Free prescriptions,2236
2016/17,E06000022,E12000009,Quit,Free prescriptions,174
2016/17,E06000022,E12000009,Set quit date,Free prescriptions,268
2016/17,E06000023,E12000009,Quit,Free prescriptions,533
2016/17,E06000023,E12000009,Set quit date,Free prescriptions,1685
2016/17,E06000024,E12000009,Quit,Free prescriptions,280
2016/17,E06000024,E12000009,Set quit date,Free prescriptions,529
2016/17,E06000025,E12000009,Quit,Free prescriptions,202
2016/17,E06000025,E12000009,Set quit date,Free prescriptions,635
2016/17,E06000026,E12000009,Quit,Free prescriptions,551
2016/17,E06000026,E12000009,Set quit date,Free prescriptions,1318
2016/17,E06000027,E12000009,Quit,Free prescriptions,55
2016/17,E06000027,E12000009,Set quit date,Free prescriptions,132
2016/17,E06000028,E12000009,Quit,Free prescriptions,222
2016/17,E06000028,E12000009,Set quit date,Free prescriptions,417
2016/17,E06000029,E12000009,Quit,Free prescriptions,69
2016/17,E06000029,E12000009,Set quit date,Free prescriptions,178
2016/17,E06000030,E12000009,Quit,Free prescriptions,183
2016/17,E06000030,E12000009,Set quit date,Free prescriptions,609
2016/17,E06000031,E12000006,Quit,Free prescriptions,414
2016/17,E06000031,E12000006,Set quit date,Free prescriptions,675
2016/17,E06000032,E12000006,Quit,Free prescriptions,643
2016/17,E06000032,E12000006,Set quit date,Free prescriptions,1090
2016/17,E06000033,E12000006,Quit,Free prescriptions,413
2016/17,E06000033,E12000006,Set quit date,Free prescriptions,1000
2016/17,E06000034,E12000006,Quit,Free prescriptions,345
2016/17,E06000034,E12000006,Set quit date,Free prescriptions,787
2016/17,E06000035,E12000008,Quit,Free prescriptions,596
2016/17,E06000035,E12000008,Set quit date,Free prescriptions,1362
2016/17,E06000036,E12000008,Quit,Free prescriptions,215
2016/17,E06000036,E12000008,Set quit date,Free prescriptions,238
2016/17,E06000037,E12000008,Quit,Free prescriptions,268
2016/17,E06000037,E12000008,Set quit date,Free prescriptions,389
2016/17,E06000038,E12000008,Quit,Free prescriptions,338
2016/17,E06000038,E12000008,Set quit date,Free prescriptions,572
2016/17,E06000039,E12000008,Quit,Free prescriptions,315
2016/17,E06000039,E12000008,Set quit date,Free prescriptions,417
2016/17,E06000040,E12000008,Quit,Free prescriptions,98
2016/17,E06000040,E12000008,Set quit date,Free prescriptions,143
2016/17,E06000041,E12000008,Quit,Free prescriptions,187
2016/17,E06000041,E12000008,Set quit date,Free prescriptions,269
2016/17,E06000042,E12000008,Quit,Free prescriptions,804
2016/17,E06000042,E12000008,Set quit date,Free prescriptions,1519
2016/17,E06000043,E12000008,Quit,Free prescriptions,411
2016/17,E06000043,E12000008,Set quit date,Free prescriptions,875
2016/17,E06000044,E12000008,Quit,Free prescriptions,163
2016/17,E06000044,E12000008,Set quit date,Free prescriptions,265
2016/17,E06000045,E12000008,Quit,Free prescriptions,381
2016/17,E06000045,E12000008,Set quit date,Free prescriptions,820
2016/17,E06000047,E12000001,Quit,Free prescriptions,1871
2016/17,E06000047,E12000001,Set quit date,Free prescriptions,3501
2016/17,E06000049,E12000002,Quit,Free prescriptions,352
2016/17,E06000049,E12000002,Set quit date,Free prescriptions,1078
2016/17,E06000050,E12000002,Quit,Free prescriptions,633
2016/17,E06000050,E12000002,Set quit date,Free prescriptions,1367
2016/17,E06000051,E12000005,Quit,Free prescriptions,481
2016/17,E06000051,E12000005,Set quit date,Free prescriptions,1166
2016/17,E06000052,E12000009,Quit,Free prescriptions,1395
2016/17,E06000052,E12000009,Set quit date,Free prescriptions,3238
2016/17,E06000053,E12000009,Quit,Free prescriptions,2
2016/17,E06000053,E12000009,Set quit date,Free prescriptions,3
2016/17,E06000054,E12000009,Quit,Free prescriptions,452
2016/17,E06000054,E12000009,Set quit date,Free prescriptions,911
2016/17,E06000055,E12000006,Quit,Free prescriptions,229
2016/17,E06000055,E12000006,Set quit date,Free prescriptions,430
2016/17,E06000056,E12000006,Quit,Free prescriptions,443
2016/17,E06000056,E12000006,Set quit date,Free prescriptions,732
2016/17,E06000057,E12000001,Quit,Free prescriptions,798
2016/17,E06000057,E12000001,Set quit date,Free prescriptions,1714
2016/17,E08000001,E12000002,Quit,Free prescriptions,457
2016/17,E08000001,E12000002,Set quit date,Free prescriptions,818
2016/17,E08000002,E12000002,Quit,Free prescriptions,232
2016/17,E08000002,E12000002,Set quit date,Free prescriptions,496
2016/17,E08000004,E12000002,Quit,Free prescriptions,439
2016/17,E08000004,E12000002,Set quit date,Free prescriptions,1004
2016/17,E08000005,E12000002,Quit,Free prescriptions,355
2016/17,E08000005,E12000002,Set quit date,Free prescriptions,626
2016/17,E08000006,E12000002,Quit,Free prescriptions,629
2016/17,E08000006,E12000002,Set quit date,Free prescriptions,1493
2016/17,E08000007,E12000002,Quit,Free prescriptions,115
2016/17,E08000007,E12000002,Set quit date,Free prescriptions,267
2016/17,E08000008,E12000002,Quit,Free prescriptions,255
2016/17,E08000008,E12000002,Set quit date,Free prescriptions,567
2016/17,E08000009,E12000002,Quit,Free prescriptions,12
2016/17,E08000009,E12000002,Set quit date,Free prescriptions,72
2016/17,E08000010,E12000002,Quit,Free prescriptions,478
2016/17,E08000010,E12000002,Set quit date,Free prescriptions,1181
2016/17,E08000011,E12000002,Quit,Free prescriptions,1007
2016/17,E08000011,E12000002,Set quit date,Free prescriptions,2215
2016/17,E08000012,E12000002,Quit,Free prescriptions,1897
2016/17,E08000012,E12000002,Set quit date,Free prescriptions,4237
2016/17,E08000013,E12000002,Quit,Free prescriptions,958
2016/17,E08000013,E12000002,Set quit date,Free prescriptions,1747
2016/17,E08000014,E12000002,Quit,Free prescriptions,569
2016/17,E08000014,E12000002,Set quit date,Free prescriptions,1219
2016/17,E08000015,E12000002,Quit,Free prescriptions,903
2016/17,E08000015,E12000002,Set quit date,Free prescriptions,1760
2016/17,E08000016,E12000003,Quit,Free prescriptions,658
2016/17,E08000016,E12000003,Set quit date,Free prescriptions,1033
2016/17,E08000017,E12000003,Quit,Free prescriptions,959
2016/17,E08000017,E12000003,Set quit date,Free prescriptions,1660
2016/17,E08000018,E12000003,Quit,Free prescriptions,785
2016/17,E08000018,E12000003,Set quit date,Free prescriptions,1293
2016/17,E08000019,E12000003,Quit,Free prescriptions,881
2016/17,E08000019,E12000003,Set quit date,Free prescriptions,1561
2016/17,E08000021,E12000001,Quit,Free prescriptions,743
2016/17,E08000021,E12000001,Set quit date,Free prescriptions,1812
2016/17,E08000022,E12000001,Quit,Free prescriptions,412
2016/17,E08000022,E12000001,Set quit date,Free prescriptions,1154
2016/17,E08000023,E12000001,Quit,Free prescriptions,407
2016/17,E08000023,E12000001,Set quit date,Free prescriptions,910
2016/17,E08000024,E12000001,Quit,Free prescriptions,671
2016/17,E08000024,E12000001,Set quit date,Free prescriptions,1528
2016/17,E08000025,E12000005,Quit,Free prescriptions,395
2016/17,E08000025,E12000005,Set quit date,Free prescriptions,1012
2016/17,E08000026,E12000005,Quit,Free prescriptions,1220
2016/17,E08000026,E12000005,Set quit date,Free prescriptions,2084
2016/17,E08000027,E12000005,Quit,Free prescriptions,450
2016/17,E08000027,E12000005,Set quit date,Free prescriptions,955
2016/17,E08000028,E12000005,Quit,Free prescriptions,760
2016/17,E08000028,E12000005,Set quit date,Free prescriptions,2460
2016/17,E08000029,E12000005,Quit,Free prescriptions,348
2016/17,E08000029,E12000005,Set quit date,Free prescriptions,785
2016/17,E08000030,E12000005,Quit,Free prescriptions,1263
2016/17,E08000030,E12000005,Set quit date,Free prescriptions,2262
2016/17,E08000031,E12000005,Quit,Free prescriptions,312
2016/17,E08000031,E12000005,Set quit date,Free prescriptions,823
2016/17,E08000033,E12000003,Quit,Free prescriptions,445
2016/17,E08000033,E12000003,Set quit date,Free prescriptions,932
2016/17,E08000034,E12000003,Quit,Free prescriptions,434
2016/17,E08000034,E12000003,Set quit date,Free prescriptions,689
2016/17,E08000035,E12000003,Quit,Free prescriptions,966
2016/17,E08000035,E12000003,Set quit date,Free prescriptions,1503
2016/17,E08000036,E12000003,Quit,Free prescriptions,577
2016/17,E08000036,E12000003,Set quit date,Free prescriptions,1065
2016/17,E08000037,E12000001,Quit,Free prescriptions,367
2016/17,E08000037,E12000001,Set quit date,Free prescriptions,794
2016/17,E09000001,E12000007,Quit,Free prescriptions,37
2016/17,E09000001,E12000007,Set quit date,Free prescriptions,81
2016/17,E09000002,E12000007,Quit,Free prescriptions,531
2016/17,E09000002,E12000007,Set quit date,Free prescriptions,1032
2016/17,E09000003,E12000007,Quit,Free prescriptions,101
2016/17,E09000003,E12000007,Set quit date,Free prescriptions,341
2016/17,E09000004,E12000007,Quit,Free prescriptions,341
2016/17,E09000004,E12000007,Set quit date,Free prescriptions,687
2016/17,E09000005,E12000007,Quit,Free prescriptions,350
2016/17,E09000005,E12000007,Set quit date,Free prescriptions,1013
2016/17,E09000006,E12000007,Quit,Free prescriptions,292
2016/17,E09000006,E12000007,Set quit date,Free prescriptions,722
2016/17,E09000007,E12000007,Quit,Free prescriptions,464
2016/17,E09000007,E12000007,Set quit date,Free prescriptions,867
2016/17,E09000008,E12000007,Quit,Free prescriptions,1220
2016/17,E09000008,E12000007,Set quit date,Free prescriptions,2366
2016/17,E09000009,E12000007,Quit,Free prescriptions,363
2016/17,E09000009,E12000007,Set quit date,Free prescriptions,580
2016/17,E09000011,E12000007,Quit,Free prescriptions,668
2016/17,E09000011,E12000007,Set quit date,Free prescriptions,1453
2016/17,E09000012,E12000007,Quit,Free prescriptions,1100
2016/17,E09000012,E12000007,Set quit date,Free prescriptions,2160
2016/17,E09000013,E12000007,Quit,Free prescriptions,1225
2016/17,E09000013,E12000007,Set quit date,Free prescriptions,2335
2016/17,E09000014,E12000007,Quit,Free prescriptions,197
2016/17,E09000014,E12000007,Set quit date,Free prescriptions,453
2016/17,E09000015,E12000007,Quit,Free prescriptions,172
2016/17,E09000015,E12000007,Set quit date,Free prescriptions,377
2016/17,E09000016,E12000007,Quit,Free prescriptions,8
2016/17,E09000016,E12000007,Set quit date,Free prescriptions,29
2016/17,E09000017,E12000007,Quit,Free prescriptions,278
2016/17,E09000017,E12000007,Set quit date,Free prescriptions,538
2016/17,E09000018,E12000007,Quit,Free prescriptions,366
2016/17,E09000018,E12000007,Set quit date,Free prescriptions,802
2016/17,E09000019,E12000007,Quit,Free prescriptions,499
2016/17,E09000019,E12000007,Set quit date,Free prescriptions,1067
2016/17,E09000020,E12000007,Quit,Free prescriptions,678
2016/17,E09000020,E12000007,Set quit date,Free prescriptions,1259
2016/17,E09000021,E12000007,Quit,Free prescriptions,129
2016/17,E09000021,E12000007,Set quit date,Free prescriptions,263
2016/17,E09000022,E12000007,Quit,Free prescriptions,301
2016/17,E09000022,E12000007,Set quit date,Free prescriptions,714
2016/17,E09000023,E12000007,Quit,Free prescriptions,354
2016/17,E09000023,E12000007,Set quit date,Free prescriptions,710
2016/17,E09000024,E12000007,Quit,Free prescriptions,163
2016/17,E09000024,E12000007,Set quit date,Free prescriptions,344
2016/17,E09000025,E12000007,Quit,Free prescriptions,253
2016/17,E09000025,E12000007,Set quit date,Free prescriptions,649
2016/17,E09000026,E12000007,Quit,Free prescriptions,655
2016/17,E09000026,E12000007,Set quit date,Free prescriptions,817
2016/17,E09000027,E12000007,Quit,Free prescriptions,110
2016/17,E09000027,E12000007,Set quit date,Free prescriptions,202
2016/17,E09000028,E12000007,Quit,Free prescriptions,225
2016/17,E09000028,E12000007,Set quit date,Free prescriptions,395
2016/17,E09000029,E12000007,Quit,Free prescriptions,227
2016/17,E09000029,E12000007,Set quit date,Free prescriptions,513
2016/17,E09000030,E12000007,Quit,Free prescriptions,1026
2016/17,E09000030,E12000007,Set quit date,Free prescriptions,1818
2016/17,E09000031,E12000007,Quit,Free prescriptions,649
2016/17,E09000031,E12000007,Set quit date,Free prescriptions,971
2016/17,E09000032,E12000007,Quit,Free prescriptions,479
2016/17,E09000032,E12000007,Set quit date,Free prescriptions,815
2016/17,E09000033,E12000007,Quit,Free prescriptions,915
2016/17,E09000033,E12000007,Set quit date,Free prescriptions,1937
2016/17,E10000002,E12000008,Quit,Free prescriptions,476
2016/17,E10000002,E12000008,Set quit date,Free prescriptions,876
2016/17,E10000003,E12000006,Quit,Free prescriptions,901
2016/17,E10000003,E12000006,Set quit date,Free prescriptions,1818
2016/17,E10000006,E12000002,Quit,Free prescriptions,408
2016/17,E10000006,E12000002,Set quit date,Free prescriptions,1606
2016/17,E10000007,E12000004,Quit,Free prescriptions,691
2016/17,E10000007,E12000004,Set quit date,Free prescriptions,1190
2016/17,E10000008,E12000009,Quit,Free prescriptions,762
2016/17,E10000008,E12000009,Set quit date,Free prescriptions,1822
2016/17,E10000009,E12000009,Quit,Free prescriptions,272
2016/17,E10000009,E12000009,Set quit date,Free prescriptions,646
2016/17,E10000011,E12000008,Quit,Free prescriptions,835
2016/17,E10000011,E12000008,Set quit date,Free prescriptions,1716
2016/17,E10000012,E12000006,Quit,Free prescriptions,613
2016/17,E10000012,E12000006,Set quit date,Free prescriptions,781
2016/17,E10000013,E12000009,Quit,Free prescriptions,680
2016/17,E10000013,E12000009,Set quit date,Free prescriptions,1452
2016/17,E10000014,E12000008,Quit,Free prescriptions,1466
2016/17,E10000014,E12000008,Set quit date,Free prescriptions,2913
2016/17,E10000015,E12000006,Quit,Free prescriptions,1919
2016/17,E10000015,E12000006,Set quit date,Free prescriptions,3654
2016/17,E10000016,E12000008,Quit,Free prescriptions,1891
2016/17,E10000016,E12000008,Set quit date,Free prescriptions,3615
2016/17,E10000017,E12000002,Quit,Free prescriptions,2890
2016/17,E10000017,E12000002,Set quit date,Free prescriptions,6455
2016/17,E10000018,E12000004,Quit,Free prescriptions,874
2016/17,E10000018,E12000004,Set quit date,Free prescriptions,1658
2016/17,E10000019,E12000004,Quit,Free prescriptions,1354
2016/17,E10000019,E12000004,Set quit date,Free prescriptions,2858
2016/17,E10000020,E12000006,Quit,Free prescriptions,1477
2016/17,E10000020,E12000006,Set quit date,Free prescriptions,2676
2016/17,E10000021,E12000004,Quit,Free prescriptions,867
2016/17,E10000021,E12000004,Set quit date,Free prescriptions,2150
2016/17,E10000023,E12000003,Quit,Free prescriptions,535
2016/17,E10000023,E12000003,Set quit date,Free prescriptions,1022
2016/17,E10000024,E12000004,Quit,Free prescriptions,558
2016/17,E10000024,E12000004,Set quit date,Free prescriptions,1070
2016/17,E10000025,E12000008,Quit,Free prescriptions,870
2016/17,E10000025,E12000008,Set quit date,Free prescriptions,2038
2016/17,E10000027,E12000009,Quit,Free prescriptions,351
2016/17,E10000027,E12000009,Set quit date,Free prescriptions,718
2016/17,E10000028,E12000005,Quit,Free prescriptions,823
2016/17,E10000028,E12000005,Set quit date,Free prescriptions,2068
2016/17,E10000029,E12000006,Quit,Free prescriptions,1076
2016/17,E10000029,E12000006,Set quit date,Free prescriptions,2357
2016/17,E10000030,E12000008,Quit,Free prescriptions,770
2016/17,E10000030,E12000008,Set quit date,Free prescriptions,1554
2016/17,E10000031,E12000005,Quit,Free prescriptions,931
2016/17,E10000031,E12000005,Set quit date,Free prescriptions,2232
2016/17,E10000032,E12000008,Quit,Free prescriptions,542
2016/17,E10000032,E12000008,Set quit date,Free prescriptions,1043
2016/17,E10000034,E12000005,Quit,Free prescriptions,88
2016/17,E10000034,E12000005,Set quit date,Free prescriptions,213
