CODE,2016,2017,2018,2019,2020,2021,2022,2023,2024,2025,2026,2027,2028,2029,2030,2031,2032,2033,2034,2035,2036,2037,2038,2039,2040,2041
E38000001,44.9,45.6,46.49999999999999,47.199999999999996,48.1,49.1,50.20000000000001,50.90000000000001,51.800000000000004,52.8,53.8,54.699999999999996,55.49999999999999,56.60000000000001,57.3,58.3,59.099999999999994,59.8,60.2,61.0,61.1,61.5,61.800000000000004,62.199999999999996,62.800000000000004,63.300000000000004
E38000002,30.799999999999997,31.3,32.0,32.6,33.39999999999999,34.199999999999996,35.1,35.99999999999999,36.99999999999999,38.0,39.0,40.1,41.0,42.00000000000001,42.699999999999996,43.7,44.4,45.00000000000001,45.5,45.900000000000006,46.50000000000001,46.9,47.300000000000004,47.800000000000004,48.29999999999999,48.8
E38000003,47.69999999999999,49.0,50.2,51.599999999999994,53.0,54.5,56.00000000000001,57.39999999999999,59.0,60.7,62.2,63.800000000000004,65.3,66.6,67.89999999999999,69.4,70.50000000000001,71.6,72.60000000000001,73.7,74.69999999999999,75.4,76.39999999999999,77.2,78.49999999999999,79.39999999999999
E38000004,27.0,27.299999999999997,27.8,28.5,29.100000000000005,29.599999999999998,30.399999999999995,31.3,32.1,33.0,33.800000000000004,34.80000000000001,35.7,36.79999999999999,37.699999999999996,38.699999999999996,39.699999999999996,40.5,41.4,42.3,43.3,44.2,45.2,46.199999999999996,47.5,48.6
E38000005,71.10000000000001,72.5,74.19999999999999,75.9,77.69999999999999,79.6,81.4,83.70000000000002,85.80000000000001,87.89999999999999,90.3,92.60000000000001,94.9,97.10000000000001,99.50000000000001,101.9,104.0,106.0,108.39999999999999,110.30000000000001,112.4,114.5,116.70000000000002,118.89999999999999,121.3,123.69999999999999
E38000006,60.0,61.0,62.2,63.49999999999999,64.69999999999999,66.20000000000002,67.5,69.0,70.60000000000001,72.10000000000001,73.69999999999999,75.10000000000001,76.5,78.10000000000001,79.30000000000001,80.60000000000001,81.7,82.4,83.1,83.50000000000001,83.8,83.8,83.89999999999999,84.30000000000001,84.8,85.2
E38000007,60.8,61.599999999999994,62.3,63.300000000000004,64.3,65.7,66.8,68.1,69.4,70.8,72.19999999999999,73.50000000000001,74.69999999999999,76.0,77.3,78.5,79.49999999999999,80.29999999999998,81.1,82.0,82.8,83.5,84.3,85.10000000000001,86.39999999999999,87.39999999999999
E38000008,31.700000000000003,32.3,33.0,33.4,34.300000000000004,35.00000000000001,35.6,36.5,37.300000000000004,38.00000000000001,38.9,39.7,40.400000000000006,40.99999999999999,41.6,42.00000000000001,42.60000000000001,42.99999999999999,43.199999999999996,43.300000000000004,43.400000000000006,43.4,43.5,43.6,43.699999999999996,43.8
E38000009,45.099999999999994,45.699999999999996,46.4,46.89999999999999,47.599999999999994,48.5,49.3,50.20000000000001,51.1,52.00000000000001,52.99999999999999,53.8,54.7,55.300000000000004,56.00000000000001,56.6,57.2,57.900000000000006,58.30000000000001,58.50000000000001,58.7,58.699999999999996,58.99999999999999,59.1,59.5,59.699999999999996
E38000010,101.7,104.0,106.60000000000001,109.19999999999999,111.9,114.99999999999999,118.0,121.4,124.8,128.1,131.6,134.7,137.7,140.59999999999997,143.5,146.2,149.10000000000002,151.4,153.7,155.7,157.5,159.5,161.3,163.50000000000003,166.1,168.5
E38000011,52.00000000000001,52.6,53.099999999999994,54.099999999999994,55.1,56.0,57.1,58.20000000000001,59.4,60.599999999999994,61.79999999999999,63.099999999999994,64.19999999999999,65.19999999999999,66.4,67.3,68.2,69.10000000000001,69.99999999999999,70.8,71.60000000000001,72.4,73.4,74.69999999999999,76.0,77.30000000000001
E38000012,135.9,137.20000000000002,138.89999999999998,140.70000000000002,142.60000000000002,144.60000000000002,147.2,149.9,152.49999999999997,155.2,158.1,160.7,163.4,166.1,168.80000000000004,171.3,173.79999999999998,175.9,177.5,179.10000000000002,180.70000000000002,182.3,183.50000000000003,185.4,187.79999999999998,189.9
E38000013,35.3,35.49999999999999,35.9,36.4,36.9,37.5,38.2,38.800000000000004,39.4,40.30000000000001,40.900000000000006,41.8,42.199999999999996,43.0,43.7,44.49999999999999,45.00000000000001,45.599999999999994,45.8,46.400000000000006,46.8,47.199999999999996,47.7,47.9,48.60000000000001,49.0
E38000014,28.400000000000002,28.799999999999997,29.000000000000004,29.400000000000002,29.900000000000002,30.5,30.9,31.4,31.900000000000002,32.4,32.8,33.4,33.8,34.4,35.0,35.300000000000004,35.7,36.1,36.300000000000004,36.49999999999999,36.5,36.6,36.6,36.800000000000004,36.900000000000006,37.099999999999994
E38000015,36.49999999999999,36.599999999999994,36.9,37.099999999999994,37.5,37.699999999999996,38.199999999999996,38.7,39.3,39.8,40.3,40.9,41.400000000000006,42.0,42.300000000000004,42.6,42.9,43.3,43.199999999999996,43.2,43.099999999999994,43.0,42.8,43.0,43.099999999999994,43.1
E38000016,62.699999999999996,63.50000000000001,64.19999999999999,65.10000000000001,66.0,66.9,68.3,69.19999999999999,70.49999999999999,71.80000000000001,73.0,74.30000000000001,75.39999999999999,76.39999999999999,77.60000000000001,78.7,79.60000000000001,80.2,80.80000000000001,80.8,81.29999999999998,81.5,81.60000000000001,82.0,82.4,82.80000000000001
E38000017,27.200000000000003,27.800000000000004,28.5,29.200000000000003,29.900000000000002,30.799999999999997,31.599999999999998,32.3,33.3,34.199999999999996,34.9,35.9,36.7,37.4,38.0,38.7,39.4,40.099999999999994,40.6,41.0,41.49999999999999,41.9,42.4,42.9,43.6,43.9
E38000018,8.5,8.600000000000001,8.700000000000001,8.9,9.1,9.3,9.5,9.500000000000002,9.8,9.8,10.1,10.2,10.4,10.6,10.7,11.100000000000001,11.0,11.200000000000001,11.200000000000001,11.4,11.4,11.600000000000001,11.4,11.7,11.799999999999999,11.9
E38000019,66.7,67.60000000000001,68.89999999999999,70.0,71.4,72.69999999999999,74.1,75.39999999999999,76.8,78.2,79.49999999999999,80.89999999999999,82.2,83.39999999999999,84.80000000000001,86.1,87.39999999999999,88.4,89.19999999999999,90.19999999999999,90.60000000000001,91.29999999999998,91.80000000000001,92.49999999999999,93.4,94.3
E38000020,51.900000000000006,53.40000000000001,55.199999999999996,56.99999999999999,58.7,60.5,62.199999999999996,63.899999999999984,65.7,67.6,69.3,70.89999999999999,72.8,74.30000000000001,76.19999999999999,77.49999999999999,79.3,80.9,82.19999999999999,83.70000000000002,85.1,86.40000000000002,87.8,89.30000000000001,90.9,92.3
E38000021,50.099999999999994,50.5,51.4,51.8,52.9,53.8,54.900000000000006,56.3,57.79999999999999,59.29999999999999,60.9,62.3,63.60000000000001,65.0,66.5,67.7,68.9,70.10000000000001,71.00000000000001,71.8,72.5,73.2,73.7,74.60000000000001,75.4,76.4
E38000022,78.2,78.89999999999999,79.69999999999999,80.5,81.39999999999999,82.19999999999999,83.39999999999999,84.5,85.69999999999999,87.2,88.60000000000001,89.80000000000001,90.89999999999999,91.80000000000001,92.69999999999999,93.80000000000001,94.8,95.4,96.10000000000002,96.7,97.40000000000002,98.0,98.5,99.1,99.99999999999999,101.19999999999999
E38000023,73.2,74.0,75.10000000000001,75.80000000000001,77.2,78.4,79.9,81.2,83.00000000000001,84.80000000000001,86.39999999999999,88.19999999999999,89.69999999999999,91.4,93.0,94.7,96.0,97.30000000000001,98.6,99.9,101.3,102.60000000000001,104.1,105.60000000000001,107.5,109.49999999999999
E38000024,43.8,44.199999999999996,44.900000000000006,45.5,46.3,47.1,47.9,48.9,49.7,50.6,51.5,52.29999999999999,53.0,53.699999999999996,54.50000000000001,55.099999999999994,55.800000000000004,56.2,56.3,56.50000000000001,56.8,56.80000000000001,56.9,57.1,57.6,57.8
E38000025,49.900000000000006,50.8,51.60000000000001,52.699999999999996,53.8,54.699999999999996,56.099999999999994,57.3,58.5,59.800000000000004,61.0,62.1,63.4,64.3,65.39999999999999,66.5,67.4,68.10000000000001,68.7,68.8,69.1,69.39999999999999,69.29999999999998,69.8,70.39999999999999,70.7
E38000026,201.0,204.49999999999997,208.59999999999997,212.60000000000002,217.09999999999997,221.79999999999998,226.6,231.60000000000002,237.00000000000003,242.50000000000003,247.79999999999998,253.1,257.9,262.50000000000006,267.0,271.7,275.9,279.7,282.7,285.3,287.8,290.0999999999999,292.5,295.3,298.2,301.40000000000003
E38000027,38.8,39.9,41.1,42.4,43.800000000000004,44.900000000000006,46.300000000000004,47.7,49.0,50.6,52.3,53.599999999999994,55.199999999999996,56.7,58.199999999999996,59.800000000000004,61.1,62.7,64.1,65.4,66.7,67.9,69.0,70.5,71.89999999999999,73.1
E38000028,33.800000000000004,34.300000000000004,34.800000000000004,35.50000000000001,36.00000000000001,36.60000000000001,37.5,38.4,39.0,39.9,40.6,41.4,42.2,42.800000000000004,43.599999999999994,44.099999999999994,44.59999999999999,45.10000000000001,45.2,45.3,45.6,45.300000000000004,45.4,45.3,45.5,45.8
E38000029,55.6,56.699999999999996,57.8,58.89999999999999,59.900000000000006,61.400000000000006,62.60000000000001,64.1,65.5,67.2,68.7,70.09999999999998,71.5,73.00000000000001,74.10000000000001,75.49999999999999,76.6,77.7,78.60000000000001,79.39999999999999,80.0,80.8,81.4,82.3,83.30000000000001,84.0
E38000030,52.50000000000001,53.29999999999999,54.099999999999994,54.9,55.699999999999996,56.699999999999996,57.5,58.50000000000001,59.70000000000001,60.699999999999996,61.699999999999996,62.8,63.9,65.0,65.7,66.69999999999999,67.4,67.99999999999999,68.5,69.1,69.5,69.9,70.19999999999999,70.69999999999999,71.39999999999999,71.9
E38000031,30.3,30.999999999999996,31.7,32.7,33.699999999999996,34.6,35.599999999999994,36.6,37.7,38.800000000000004,39.900000000000006,41.0,42.3,43.300000000000004,44.2,45.3,46.3,47.300000000000004,48.199999999999996,49.2,50.00000000000001,50.8,51.8,52.599999999999994,53.699999999999996,54.5
E38000032,19.3,19.6,19.800000000000004,20.100000000000005,20.3,20.8,21.5,21.900000000000002,22.400000000000002,22.800000000000004,23.4,23.999999999999996,24.499999999999993,25.0,25.4,25.8,26.2,26.6,27.2,27.200000000000003,27.699999999999996,27.9,28.099999999999998,28.6,29.099999999999998,29.600000000000005
E38000033,79.79999999999998,81.10000000000001,82.2,83.6,85.0,86.39999999999999,87.8,89.3,91.00000000000001,92.69999999999999,94.1,95.6,97.29999999999998,98.50000000000001,100.0,101.4,102.6,103.80000000000001,104.79999999999998,105.70000000000002,106.60000000000001,107.50000000000001,108.29999999999998,109.39999999999999,110.49999999999999,111.50000000000001
E38000034,43.4,44.199999999999996,45.1,45.9,46.800000000000004,48.0,49.1,50.199999999999996,51.50000000000001,52.6,53.8,54.8,55.8,56.7,57.50000000000001,58.7,59.599999999999994,60.1,60.7,61.0,61.6,61.49999999999999,61.7,61.9,62.300000000000004,62.7
E38000035,30.099999999999998,30.899999999999995,31.799999999999997,32.7,33.8,34.8,36.0,37.2,38.400000000000006,39.8,41.099999999999994,42.5,43.8,44.8,46.00000000000001,47.099999999999994,48.50000000000001,49.5,50.7,51.89999999999999,53.099999999999994,54.300000000000004,55.400000000000006,56.9,58.599999999999994,60.1
E38000037,13.1,13.400000000000002,13.8,14.200000000000001,14.6,15.100000000000001,15.5,16.099999999999998,16.5,17.099999999999998,17.599999999999998,18.099999999999998,18.7,19.099999999999998,19.5,20.0,20.400000000000002,20.700000000000003,21.200000000000003,21.400000000000002,21.699999999999996,22.099999999999998,22.2,22.7,23.0,23.4
E38000038,89.6,90.6,91.69999999999999,93.2,94.50000000000001,96.10000000000001,97.69999999999999,99.69999999999999,101.49999999999997,103.19999999999999,105.00000000000001,106.8,108.7,110.5,112.1,113.7,115.09999999999998,116.5,117.9,118.7,119.60000000000001,120.29999999999998,121.3,122.60000000000001,124.2,125.4
E38000039,20.000000000000004,20.200000000000003,20.6,21.099999999999998,21.5,21.899999999999995,22.4,22.9,23.499999999999996,23.999999999999996,24.4,25.1,25.499999999999996,25.999999999999996,26.5,27.0,27.599999999999998,28.0,28.299999999999997,28.700000000000003,29.1,29.400000000000002,29.7,30.099999999999998,30.7,31.1
E38000040,68.30000000000001,69.7,71.30000000000001,73.2,75.0,77.10000000000001,79.4,81.7,84.3,86.7,89.1,91.1,93.2,95.1,96.9,98.69999999999999,100.6,102.29999999999998,103.6,105.2,106.79999999999998,108.50000000000001,110.2,111.89999999999999,113.8,115.9
E38000041,152.49999999999997,154.5,156.70000000000002,159.0,161.4,163.7,166.40000000000003,169.10000000000002,171.79999999999998,174.70000000000002,177.29999999999995,179.7,181.8,183.99999999999997,185.8,187.60000000000002,188.89999999999998,189.5,189.89999999999998,189.5,189.1,188.6,187.79999999999998,187.39999999999998,187.50000000000003,187.20000000000002
E38000042,26.899999999999995,27.3,27.900000000000002,28.200000000000003,28.7,29.300000000000004,29.800000000000004,30.599999999999998,31.0,31.6,32.3,32.800000000000004,33.1,33.699999999999996,34.1,34.50000000000001,34.800000000000004,35.2,35.3,35.4,35.5,35.50000000000001,35.6,35.8,35.900000000000006,36.0
E38000043,57.99999999999999,58.900000000000006,59.6,60.6,61.599999999999994,62.9,64.2,65.6,67.0,68.39999999999999,69.8,71.29999999999998,72.7,74.10000000000001,75.19999999999999,76.7,77.60000000000001,78.8,79.89999999999999,80.7,81.5,82.3,83.4,84.39999999999999,85.69999999999999,87.0
E38000044,75.1,75.9,77.2,78.60000000000001,79.90000000000002,81.4,82.69999999999997,84.4,86.0,87.50000000000001,88.9,90.39999999999999,91.7,92.80000000000001,93.80000000000001,95.10000000000001,95.90000000000002,96.69999999999999,97.10000000000001,97.3,97.39999999999999,97.50000000000001,97.49999999999999,97.60000000000001,98.10000000000001,98.6
E38000045,235.2,238.50000000000003,242.3,246.1,250.1,254.5,259.4,264.6,270.09999999999997,275.29999999999995,280.5,285.7,290.4,295.0,299.5,303.8999999999999,307.90000000000003,311.1000000000001,313.99999999999994,316.4,318.4,320.09999999999997,321.59999999999997,323.8,326.59999999999997,329.2
E38000046,81.60000000000001,82.3,82.89999999999999,83.8,84.50000000000001,85.50000000000001,86.8,87.89999999999999,89.5,90.7,91.9,93.49999999999999,94.69999999999999,96.10000000000001,97.19999999999999,98.49999999999999,99.3,99.80000000000001,100.30000000000001,100.6,100.49999999999999,100.49999999999999,100.6,101.1,101.6,102.00000000000001
E38000047,74.5,75.70000000000002,76.89999999999999,78.39999999999999,79.2,80.7,82.2,83.69999999999999,85.3,87.0,88.4,89.8,91.1,92.20000000000002,93.19999999999999,94.40000000000002,95.1,95.39999999999999,95.50000000000001,95.49999999999999,95.50000000000001,95.10000000000001,95.10000000000001,95.1,95.19999999999999,95.3
E38000048,57.199999999999996,58.4,59.7,61.1,62.699999999999996,64.1,65.70000000000002,67.3,69.00000000000001,70.7,72.50000000000001,74.2,75.9,77.6,79.39999999999999,80.99999999999999,82.5,83.99999999999999,85.50000000000001,87.0,88.4,89.7,91.10000000000001,92.5,94.1,95.60000000000001
E38000049,123.50000000000001,125.79999999999998,128.3,131.0,133.70000000000002,136.8,140.0,143.39999999999998,147.0,150.80000000000004,154.3,157.6,160.90000000000003,163.9,166.60000000000002,169.59999999999997,172.2,174.8,177.00000000000003,179.1,180.89999999999998,183.0,184.79999999999998,187.1,189.79999999999998,192.59999999999997
E38000050,92.3,93.6,95.1,96.39999999999999,97.80000000000001,99.30000000000001,101.19999999999999,102.9,104.6,106.29999999999998,107.79999999999998,109.4,111.3,112.89999999999999,114.29999999999998,115.8,116.8,117.4,117.89999999999999,118.2,118.5,118.50000000000001,118.39999999999999,118.69999999999999,119.19999999999999,119.39999999999999
E38000051,90.0,91.6,93.4,95.30000000000001,97.0,99.39999999999998,101.60000000000001,103.8,106.1,108.39999999999999,110.6,112.7,114.89999999999999,116.99999999999999,118.70000000000002,120.60000000000001,122.1,123.3,124.3,125.20000000000002,125.89999999999999,126.5,127.0,127.8,128.5,129.5
E38000052,100.6,102.39999999999999,104.2,105.8,107.49999999999999,109.60000000000001,111.80000000000001,113.99999999999999,116.19999999999999,118.2,120.3,122.1,123.89999999999999,125.6,127.1,128.6,130.0,130.9,131.5,132.0,132.29999999999998,132.2,132.1,132.4,132.5,132.7
E38000053,31.2,31.7,32.4,33.0,33.6,34.2,35.2,35.8,36.60000000000001,37.3,38.099999999999994,38.9,39.6,40.4,40.900000000000006,41.6,42.0,42.5,42.8,43.1,43.3,43.2,43.300000000000004,43.5,43.800000000000004,44.2
E38000054,42.6,43.1,43.900000000000006,44.9,45.699999999999996,46.5,47.699999999999996,48.6,49.9,51.2,52.400000000000006,53.300000000000004,54.4,55.4,56.400000000000006,57.29999999999999,58.199999999999996,58.99999999999999,59.800000000000004,60.599999999999994,61.199999999999996,61.8,62.7,63.4,64.4,65.2
E38000055,62.699999999999996,63.800000000000004,65.0,66.3,67.8,69.30000000000001,71.0,72.5,74.49999999999999,76.2,78.0,79.80000000000001,81.39999999999999,83.2,84.6,86.39999999999999,87.8,89.1,90.39999999999999,91.5,92.5,93.4,94.30000000000001,95.30000000000001,96.40000000000002,97.49999999999999
E38000056,58.800000000000004,59.800000000000004,60.699999999999996,62.0,63.1,64.3,65.69999999999999,67.2,68.7,69.9,71.39999999999999,72.7,74.0,75.3,76.3,77.5,78.3,79.0,79.70000000000002,80.2,80.50000000000001,80.5,80.7,80.9,81.4,81.9
E38000057,56.7,57.80000000000001,59.099999999999994,60.300000000000004,61.7,63.3,64.80000000000001,66.60000000000001,68.6,70.3,72.2,74.0,75.8,77.49999999999999,78.9,80.8,82.30000000000001,83.70000000000002,84.9,86.5,87.8,89.3,90.89999999999999,92.4,94.2,96.1
E38000058,23.499999999999996,23.9,24.200000000000003,24.9,25.099999999999994,25.6,26.1,26.7,27.4,27.900000000000002,28.7,29.2,29.700000000000003,30.3,30.699999999999996,31.2,31.6,31.900000000000002,32.2,32.2,32.4,32.5,32.6,32.8,32.9,33.199999999999996
E38000059,54.60000000000001,55.6,56.7,58.1,59.2,60.800000000000004,62.1,63.49999999999999,64.9,66.4,67.8,69.10000000000001,70.2,71.6,72.5,73.7,74.60000000000001,75.49999999999999,76.2,76.5,77.00000000000001,77.2,77.7,77.9,78.5,79.0
E38000060,56.5,57.300000000000004,58.300000000000004,59.09999999999999,60.300000000000004,61.5,62.800000000000004,64.10000000000001,65.29999999999998,66.7,67.8,69.2,70.2,71.49999999999999,72.3,73.2,74.0,74.69999999999999,75.1,75.2,75.60000000000001,75.6,75.7,75.9,76.20000000000002,76.6
E38000062,167.29999999999998,170.3,173.79999999999998,177.49999999999997,181.4,185.49999999999997,190.0,194.4,199.2,203.9,208.39999999999998,213.1,217.3,221.39999999999998,225.10000000000002,228.79999999999998,232.2,235.1,237.30000000000004,239.20000000000002,240.49999999999997,241.7,242.9,244.60000000000002,246.7,248.40000000000003
E38000063,68.0,68.69999999999999,69.7,70.6,71.6,72.7,73.8,74.8,76.39999999999999,77.60000000000001,78.8,80.09999999999998,81.39999999999999,82.50000000000001,83.6,84.89999999999999,85.49999999999999,86.3,86.8,87.2,87.60000000000001,87.9,87.99999999999999,88.49999999999999,88.9,89.5
E38000064,56.9,57.699999999999996,58.6,59.7,60.6,61.699999999999996,62.900000000000006,64.19999999999999,65.3,66.7,67.89999999999999,69.0,70.19999999999999,71.5,72.7,73.99999999999999,75.10000000000001,75.8,76.4,76.9,77.1,77.3,77.7,78.2,78.8,79.3
E38000065,45.3,45.9,46.4,47.0,47.800000000000004,48.6,49.50000000000001,50.49999999999999,51.400000000000006,52.300000000000004,53.1,54.00000000000001,54.800000000000004,55.6,56.099999999999994,56.9,57.49999999999999,57.99999999999999,58.3,58.2,58.6,58.50000000000001,58.199999999999996,58.49999999999999,58.8,58.800000000000004
E38000066,39.5,40.199999999999996,41.199999999999996,42.3,43.4,44.7,46.0,47.20000000000001,48.6,50.00000000000001,51.6,53.0,54.39999999999999,55.8,57.400000000000006,58.7,60.1,61.400000000000006,62.6,63.99999999999999,65.19999999999999,66.7,68.20000000000002,69.69999999999999,71.39999999999999,72.89999999999999
E38000068,30.1,30.599999999999998,31.1,31.8,32.4,33.0,33.9,34.3,34.9,35.6,36.1,36.800000000000004,37.1,37.60000000000001,38.099999999999994,38.5,38.9,39.5,39.5,39.599999999999994,39.599999999999994,39.599999999999994,39.699999999999996,39.8,39.900000000000006,39.99999999999999
E38000069,47.1,47.8,48.699999999999996,49.5,50.500000000000014,51.5,52.60000000000001,53.8,55.0,56.0,56.9,57.800000000000004,58.70000000000001,59.59999999999999,60.2,60.8,61.4,61.8,61.9,62.0,61.99999999999999,61.800000000000004,61.6,61.6,61.6,61.50000000000001
E38000070,25.6,26.100000000000005,26.700000000000003,27.200000000000003,28.0,28.599999999999998,29.4,30.099999999999998,31.099999999999998,32.0,32.900000000000006,33.9,34.7,35.50000000000001,36.300000000000004,37.1,37.99999999999999,38.800000000000004,39.5,40.1,40.99999999999999,41.4,41.900000000000006,42.49999999999999,43.3,43.800000000000004
E38000071,30.3,30.499999999999996,31.100000000000005,31.6,32.1,32.7,33.199999999999996,33.800000000000004,34.5,35.1,35.800000000000004,36.5,37.2,37.8,38.3,38.8,39.2,39.5,39.6,39.9,39.8,39.60000000000001,39.900000000000006,39.800000000000004,40.00000000000001,40.099999999999994
E38000072,35.9,36.900000000000006,37.900000000000006,39.0,40.199999999999996,41.400000000000006,42.5,44.1,45.29999999999999,46.89999999999999,48.5,49.9,51.2,52.60000000000001,53.8,55.2,56.50000000000001,57.800000000000004,59.0,60.099999999999994,61.2,62.400000000000006,63.6,65.0,66.4,67.7
E38000073,45.70000000000001,46.6,47.699999999999996,48.7,49.70000000000001,50.7,51.89999999999999,53.099999999999994,54.50000000000001,55.800000000000004,56.699999999999996,58.0,59.0,59.90000000000001,61.0,61.8,62.8,63.4,63.699999999999996,64.3,64.60000000000001,64.7,65.0,65.30000000000001,65.5,65.8
E38000074,50.3,51.400000000000006,52.300000000000004,53.2,54.49999999999999,55.599999999999994,56.599999999999994,57.8,58.9,60.10000000000001,61.0,62.099999999999994,63.300000000000004,64.19999999999999,65.2,66.2,67.10000000000001,68.2,69.0,69.8,70.8,71.7,72.5,73.6,74.89999999999999,75.89999999999999
E38000075,68.5,69.89999999999999,71.0,72.39999999999999,73.60000000000001,75.1,76.7,78.2,79.8,81.2,82.7,84.00000000000001,85.0,86.20000000000002,87.19999999999999,88.10000000000001,88.89999999999998,89.39999999999999,89.80000000000001,89.8,90.0,89.7,89.9,89.9,90.2,90.3
E38000076,59.400000000000006,60.49999999999999,61.50000000000001,62.7,63.800000000000004,65.2,66.6,68.10000000000001,69.7,71.4,73.10000000000001,74.49999999999999,76.00000000000001,77.8,78.9,80.39999999999999,81.5,82.5,83.5,84.4,85.1,85.6,86.3,87.1,88.10000000000001,88.8
E38000077,59.10000000000001,59.9,60.599999999999994,61.50000000000001,62.39999999999999,63.399999999999984,64.6,65.7,66.8,68.00000000000001,69.10000000000001,70.3,71.50000000000001,72.5,73.6,74.6,75.60000000000001,76.39999999999999,77.3,78.29999999999998,79.1,80.1,81.0,82.10000000000001,83.60000000000001,85.10000000000001
E38000078,57.5,58.49999999999999,59.5,60.599999999999994,61.5,62.6,63.89999999999999,65.30000000000001,66.4,67.8,69.0,70.3,71.50000000000001,72.5,73.39999999999999,74.3,75.1,75.6,76.1,76.3,76.49999999999999,76.6,76.8,77.0,77.5,77.89999999999999
E38000079,127.49999999999999,129.5,131.79999999999998,134.2,136.60000000000002,139.29999999999998,142.29999999999998,145.39999999999998,148.5,151.8,155.00000000000003,157.90000000000003,160.9,163.6,166.3,169.2,172.0,174.4,176.9,179.29999999999998,181.6,183.9,186.0,188.40000000000003,191.20000000000002,193.9
E38000080,46.5,47.2,48.1,48.9,49.699999999999996,50.7,51.4,52.400000000000006,53.2,54.199999999999996,55.1,56.099999999999994,57.0,58.00000000000001,58.7,59.50000000000001,60.199999999999996,60.9,61.1,61.4,61.7,61.7,61.99999999999999,62.3,62.9,63.4
E38000081,51.199999999999996,52.099999999999994,53.0,54.1,55.3,56.3,57.49999999999999,58.9,60.300000000000004,61.8,63.0,64.6,65.69999999999999,67.0,68.1,69.30000000000001,70.5,71.3,71.89999999999999,72.8,73.2,73.80000000000001,74.2,74.9,75.8,76.5
E38000082,52.39999999999999,53.6,54.60000000000001,56.1,57.300000000000004,58.699999999999996,60.2,61.800000000000004,63.099999999999994,64.8,66.39999999999999,67.60000000000001,69.3,70.6,72.10000000000001,73.50000000000001,74.7,76.00000000000001,77.39999999999999,78.4,79.8,81.00000000000001,82.5,84.19999999999999,85.7,87.2
E38000083,59.300000000000004,60.2,61.60000000000001,62.8,64.10000000000001,65.7,67.1,68.8,70.3,72.10000000000001,73.7,75.3,76.89999999999999,78.30000000000001,79.8,81.19999999999999,82.5,83.6,84.7,85.6,86.39999999999999,87.00000000000001,87.89999999999998,89.0,90.1,91.20000000000002
E38000084,42.6,43.8,44.699999999999996,46.1,47.20000000000001,48.4,49.7,50.9,52.300000000000004,53.6,54.900000000000006,56.300000000000004,57.599999999999994,58.9,59.99999999999999,61.50000000000001,62.7,63.900000000000006,65.3,66.6,67.8,68.99999999999999,70.1,71.2,72.70000000000002,73.89999999999999
E38000085,51.3,51.9,52.50000000000001,53.1,53.900000000000006,54.7,55.7,56.599999999999994,57.599999999999994,58.39999999999999,59.300000000000004,60.1,61.0,61.4,61.99999999999999,62.8,63.30000000000001,63.8,64.00000000000001,64.1,64.3,64.1,64.0,64.0,64.2,64.39999999999999
E38000086,114.79999999999998,117.00000000000001,119.4,121.69999999999997,124.0,126.89999999999999,129.4,132.2,135.3,138.49999999999997,141.3,144.2,146.9,149.70000000000002,152.0,154.6,156.7,158.6,160.2,161.6,162.5,163.5,164.3,165.5,166.8,168.10000000000002
E38000087,47.7,48.5,49.400000000000006,50.199999999999996,51.300000000000004,52.2,53.2,54.300000000000004,55.300000000000004,56.699999999999996,57.7,58.800000000000004,59.89999999999999,60.9,61.8,62.699999999999996,63.5,64.2,64.69999999999999,65.1,65.39999999999999,65.7,65.8,66.1,66.7,67.1
E38000088,27.900000000000002,28.599999999999998,29.3,30.199999999999996,30.9,31.900000000000002,32.9,34.1,35.0,36.300000000000004,37.5,38.699999999999996,39.5,40.6,41.6,42.599999999999994,43.6,44.300000000000004,45.2,46.1,46.8,47.8,48.5,49.49999999999999,50.60000000000001,51.60000000000001
E38000089,172.40000000000003,175.1,178.20000000000002,181.4,184.5,187.79999999999998,191.39999999999998,195.1,199.2,202.8,206.6,210.5,213.99999999999997,217.5,220.6,223.70000000000002,226.3,228.7,230.5,231.70000000000005,232.8,233.4,234.29999999999998,235.4,236.9,238.20000000000002
E38000090,30.900000000000002,31.499999999999996,32.1,32.8,33.6,34.300000000000004,34.99999999999999,35.9,36.7,37.6,38.50000000000001,39.400000000000006,40.4,41.099999999999994,41.9,42.7,43.699999999999996,44.5,45.5,46.19999999999999,47.1,47.7,48.6,49.5,50.5,51.29999999999999
E38000091,33.6,34.4,35.2,35.7,36.49999999999999,37.199999999999996,38.2,39.099999999999994,39.699999999999996,40.599999999999994,41.199999999999996,41.699999999999996,42.2,42.79999999999999,43.3,43.900000000000006,44.20000000000001,44.2,44.5,44.50000000000001,44.4,44.099999999999994,44.2,44.2,44.3,44.4
E38000092,36.2,37.0,38.0,39.1,40.5,41.79999999999999,43.099999999999994,44.599999999999994,46.4,47.800000000000004,49.4,50.80000000000001,52.2,53.400000000000006,54.7,55.7,56.69999999999999,57.8,58.800000000000004,59.6,60.6,61.300000000000004,62.300000000000004,63.50000000000001,64.6,65.7
E38000093,42.400000000000006,42.800000000000004,43.300000000000004,43.9,44.4,45.1,46.1,46.70000000000001,47.5,48.599999999999994,49.29999999999999,49.89999999999999,50.7,51.20000000000001,51.8,52.3,52.9,53.0,53.39999999999999,53.3,53.5,53.5,53.400000000000006,53.4,53.699999999999996,53.599999999999994
E38000094,49.800000000000004,50.4,51.0,51.7,52.3,53.0,53.8,54.7,55.800000000000004,56.60000000000001,57.49999999999999,58.400000000000006,59.4,60.300000000000004,61.10000000000001,62.00000000000001,62.8,63.2,63.8,64.1,64.7,65.0,65.2,65.69999999999999,66.2,66.6
E38000095,46.3,47.099999999999994,47.4,48.0,48.7,49.400000000000006,50.2,50.900000000000006,51.8,52.9,53.40000000000001,54.400000000000006,55.2,55.99999999999999,56.599999999999994,57.400000000000006,58.1,58.7,59.000000000000014,59.30000000000001,59.8,59.8,60.0,60.4,61.0,61.5
E38000096,59.99999999999999,60.599999999999994,61.3,62.099999999999994,62.900000000000006,63.7,64.7,65.9,66.9,68.2,69.10000000000001,70.30000000000001,71.5,72.3,73.2,74.39999999999999,75.39999999999999,75.8,76.3,76.8,77.1,77.39999999999999,77.69999999999999,78.1,78.80000000000001,79.2
E38000097,56.300000000000004,57.3,58.3,59.5,60.79999999999999,62.3,63.49999999999999,64.7,66.10000000000001,67.1,68.30000000000001,69.39999999999999,70.7,71.9,72.8,74.10000000000001,75.2,76.10000000000001,76.7,77.6,78.4,79.0,79.5,80.4,81.4,82.19999999999999
E38000098,38.599999999999994,39.5,40.4,41.300000000000004,42.3,43.699999999999996,45.1,46.6,48.1,49.60000000000001,51.1,52.400000000000006,53.80000000000001,55.00000000000001,56.3,57.699999999999996,58.9,60.2,61.199999999999996,62.49999999999999,63.60000000000001,64.8,66.1,67.6,69.10000000000001,70.5
E38000099,78.3,79.19999999999999,80.2,81.3,82.39999999999999,83.8,85.20000000000002,86.5,88.10000000000001,89.5,91.0,92.30000000000001,93.5,94.9,95.89999999999999,97.0,98.0,98.8,99.50000000000001,99.6,100.00000000000001,100.1,99.99999999999999,100.39999999999999,100.9,101.3
E38000100,60.599999999999994,61.5,62.6,63.800000000000004,65.10000000000001,66.39999999999999,67.80000000000001,69.2,70.9,72.19999999999999,73.60000000000001,75.0,76.20000000000002,77.4,78.4,79.39999999999999,80.39999999999999,81.1,81.6,81.8,82.2,82.2,82.4,82.8,83.1,83.50000000000001
E38000101,95.3,96.6,97.9,99.39999999999999,100.99999999999999,102.80000000000001,104.5,106.6,108.5,110.3,111.7,113.2,114.6,116.0,117.30000000000001,118.60000000000001,119.7,120.19999999999999,120.8,120.89999999999999,121.39999999999999,121.60000000000001,122.10000000000001,122.80000000000001,123.8,124.79999999999998
E38000102,34.9,35.599999999999994,36.199999999999996,36.8,37.7,38.2,39.3,40.300000000000004,41.300000000000004,42.199999999999996,43.099999999999994,43.8,44.9,45.599999999999994,46.3,47.099999999999994,47.9,48.5,49.2,49.900000000000006,50.699999999999996,51.3,52.0,53.0,53.9,54.8
E38000103,48.89999999999999,49.800000000000004,50.7,51.79999999999999,52.9,54.0,55.2,56.699999999999996,57.9,59.300000000000004,60.3,61.599999999999994,62.699999999999996,63.99999999999999,64.80000000000001,65.7,66.69999999999999,67.39999999999999,67.8,68.10000000000001,68.19999999999999,68.3,68.5,68.69999999999999,69.1,69.6
E38000104,57.10000000000001,58.29999999999999,59.29999999999999,60.49999999999999,61.699999999999996,63.2,64.5,66.19999999999999,67.6,69.2,70.7,72.4,73.6,74.99999999999999,76.4,77.69999999999999,78.8,79.8,80.5,81.2,81.89999999999999,82.6,83.3,84.19999999999999,85.3,86.3
E38000105,34.1,34.599999999999994,35.1,35.699999999999996,36.199999999999996,37.099999999999994,37.8,38.79999999999999,39.699999999999996,40.599999999999994,41.6,42.5,43.400000000000006,44.10000000000001,45.1,45.9,46.8,47.699999999999996,48.3,49.199999999999996,49.900000000000006,50.7,51.5,52.4,53.5,54.400000000000006
E38000106,100.70000000000002,102.60000000000001,104.49999999999999,106.3,108.3,110.60000000000002,112.9,115.3,117.89999999999999,120.49999999999999,122.89999999999999,125.79999999999998,128.1,130.2,132.2,134.5,136.3,137.9,139.50000000000003,140.5,141.5,142.4,143.1,144.3,145.6,147.0
E38000107,50.00000000000001,51.3,52.8,54.3,55.800000000000004,57.4,59.1,60.6,62.4,64.2,65.7,67.6,69.1,70.49999999999999,71.99999999999999,73.50000000000001,75.0,76.3,77.70000000000002,79.0,80.10000000000001,81.39999999999999,82.5,84.0,85.3,86.80000000000001
E38000108,150.9,153.89999999999998,157.3,160.89999999999998,164.49999999999997,168.40000000000003,172.80000000000004,177.20000000000002,181.79999999999998,186.5,191.10000000000002,195.5,199.70000000000002,204.0,207.60000000000002,211.6,215.3,218.50000000000003,221.4,223.9,225.79999999999998,227.49999999999997,229.29999999999998,231.5,234.00000000000003,236.5
E38000109,33.6,34.2,34.900000000000006,35.7,36.300000000000004,37.2,37.89999999999999,38.699999999999996,39.599999999999994,40.5,41.4,42.1,43.0,43.699999999999996,44.300000000000004,45.099999999999994,45.6,46.0,46.300000000000004,46.8,46.9,47.1,47.199999999999996,47.4,47.6,47.800000000000004
E38000110,25.099999999999998,25.8,26.400000000000002,27.099999999999998,27.5,28.099999999999998,29.0,29.699999999999996,30.2,30.899999999999995,31.6,32.4,33.1,33.699999999999996,34.4,34.900000000000006,35.5,36.00000000000001,36.3,36.7,36.900000000000006,37.3,37.4,37.8,37.9,38.2
E38000113,35.2,36.4,38.0,39.4,41.0,42.800000000000004,44.20000000000001,45.900000000000006,47.60000000000001,49.3,51.099999999999994,52.599999999999994,54.3,56.2,57.8,59.60000000000001,61.0,62.6,64.1,65.49999999999999,67.1,68.5,70.0,71.80000000000001,73.5,75.3
E38000114,23.8,24.1,24.600000000000005,25.299999999999997,25.7,26.099999999999998,26.9,27.6,28.300000000000004,28.799999999999997,29.7,30.200000000000003,30.9,31.4,31.799999999999997,32.599999999999994,33.1,33.49999999999999,33.9,34.400000000000006,34.7,34.9,35.3,35.6,36.0,36.3
E38000115,80.20000000000002,81.50000000000001,83.0,84.10000000000001,85.7,87.30000000000001,88.69999999999999,90.6,92.30000000000001,94.19999999999999,96.0,97.7,99.10000000000001,100.60000000000001,102.0,103.39999999999999,104.4,105.10000000000001,105.3,105.6,105.8,105.7,105.5,105.7,106.0,106.10000000000001
E38000116,63.2,64.0,64.9,66.1,67.19999999999999,68.19999999999999,69.5,70.9,72.1,73.6,74.69999999999999,76.0,77.0,78.10000000000001,78.7,79.6,80.3,80.9,81.00000000000001,80.9,81.0,80.8,80.6,80.7,80.8,80.9
E38000117,93.2,94.7,96.10000000000001,97.89999999999999,99.5,101.5,103.69999999999999,105.9,108.2,110.49999999999999,113.1,115.2,117.59999999999998,119.9,122.0,123.99999999999997,126.0,127.69999999999997,129.2,130.4,131.8,133.0,134.1,135.39999999999998,136.9,138.5
E38000118,46.5,47.199999999999996,48.2,49.2,50.3,51.4,52.400000000000006,53.70000000000001,54.99999999999999,56.300000000000004,57.5,58.70000000000001,59.699999999999996,60.7,61.6,62.70000000000001,63.6,64.3,65.0,65.80000000000001,66.30000000000001,66.7,66.99999999999999,67.7,68.3,68.8
E38000119,40.900000000000006,41.1,41.7,42.3,42.9,43.699999999999996,44.300000000000004,45.2,45.800000000000004,46.699999999999996,47.29999999999999,47.8,48.5,49.2,49.7,50.199999999999996,50.7,50.8,50.900000000000006,51.00000000000001,50.900000000000006,50.8,50.699999999999996,50.7,50.699999999999996,50.6
E38000120,51.2,52.3,53.599999999999994,54.7,55.99999999999999,57.300000000000004,58.9,60.29999999999999,62.00000000000001,63.60000000000001,65.0,66.3,67.60000000000001,69.0,70.0,71.2,72.19999999999999,73.19999999999999,73.99999999999999,74.7,75.3,75.69999999999999,76.4,76.9,77.6,78.10000000000001
E38000121,40.5,41.2,42.099999999999994,42.599999999999994,43.5,44.2,45.0,45.8,46.8,47.7,48.5,49.400000000000006,50.199999999999996,50.99999999999999,52.1,53.0,53.60000000000001,53.99999999999999,54.39999999999999,54.800000000000004,55.10000000000001,55.2,55.300000000000004,55.70000000000001,56.199999999999996,56.5
E38000122,45.5,46.300000000000004,47.099999999999994,47.9,48.800000000000004,49.7,50.800000000000004,51.9,52.9,54.099999999999994,54.900000000000006,55.9,56.800000000000004,57.699999999999996,58.4,59.19999999999999,59.7,60.0,60.3,60.49999999999999,60.6,60.599999999999994,60.4,60.5,60.8,61.099999999999994
E38000123,23.5,23.900000000000002,24.200000000000003,24.4,24.900000000000002,25.499999999999996,26.000000000000004,26.5,27.0,27.799999999999997,28.299999999999997,29.000000000000007,29.7,30.200000000000003,30.799999999999997,31.3,31.8,32.400000000000006,32.699999999999996,33.1,33.4,33.8,34.1,34.800000000000004,35.3,35.7
E38000124,62.699999999999996,63.5,64.30000000000001,65.3,66.1,67.10000000000001,68.10000000000001,69.0,70.3,71.2,72.5,73.4,74.79999999999998,75.60000000000001,76.60000000000001,77.60000000000001,78.5,79.0,79.5,80.0,80.3,80.39999999999999,80.6,81.1,81.2,81.7
E38000125,62.49999999999999,63.49999999999999,64.7,65.8,67.0,68.0,69.5,70.89999999999999,72.5,73.9,75.6,76.89999999999999,78.39999999999999,79.60000000000001,80.8,82.1,83.10000000000001,84.1,84.9,85.50000000000001,86.10000000000001,86.7,87.20000000000002,87.8,88.5,89.2
E38000126,60.50000000000001,61.1,61.9,62.8,63.6,64.7,65.69999999999999,66.7,68.00000000000001,68.9,69.8,71.10000000000001,71.8,72.90000000000002,73.8,74.6,75.2,75.60000000000001,75.89999999999999,76.0,76.10000000000001,76.00000000000001,76.0,75.7,76.1,76.2
E38000127,52.3,53.2,54.1,55.099999999999994,56.0,56.9,58.00000000000001,59.3,60.4,61.70000000000001,62.7,63.800000000000004,64.4,65.4,66.3,66.9,67.8,68.39999999999999,68.7,69.00000000000001,69.3,69.4,69.5,70.0,70.5,70.8
E38000128,79.19999999999999,80.19999999999999,81.3,82.7,84.2,85.8,87.7,89.4,91.3,93.0,94.8,96.5,97.99999999999999,99.7,101.10000000000001,102.60000000000001,104.2,105.7,107.10000000000001,107.99999999999999,109.39999999999999,110.6,112.0,113.10000000000001,114.60000000000001,115.8
E38000129,255.39999999999998,259.4,263.3,267.8,272.09999999999997,276.90000000000003,281.79999999999995,287.0,292.6,298.1,303.40000000000003,308.7,313.2,318.1000000000001,322.1,326.3,329.8,332.49999999999994,334.59999999999997,336.4,337.50000000000006,338.4,339.4,340.9,343.0,344.70000000000005
E38000130,97.0,98.80000000000001,100.7,102.9,104.90000000000002,106.89999999999999,109.1,111.2,113.4,115.39999999999999,117.20000000000002,118.89999999999999,120.5,121.80000000000001,122.9,124.30000000000001,125.3,125.90000000000002,126.3,126.39999999999999,126.60000000000001,126.3,126.19999999999999,126.39999999999999,126.6,126.70000000000002
E38000131,45.60000000000001,46.0,46.5,46.900000000000006,47.5,48.300000000000004,48.900000000000006,49.7,50.4,51.39999999999999,52.3,53.099999999999994,53.8,54.8,55.300000000000004,56.1,56.8,57.39999999999999,57.699999999999996,58.19999999999999,58.39999999999999,58.49999999999999,58.800000000000004,59.2,59.49999999999999,60.00000000000001
E38000132,50.19999999999999,50.699999999999996,51.4,52.3,52.99999999999999,54.0,55.0,56.1,57.29999999999999,58.400000000000006,59.6,60.5,61.800000000000004,62.70000000000001,63.8,64.9,65.6,66.5,66.8,67.39999999999999,67.80000000000001,68.3,68.39999999999999,69.2,69.80000000000001,70.3
E38000133,38.2,38.699999999999996,39.099999999999994,39.8,40.50000000000001,41.199999999999996,41.9,42.99999999999999,43.699999999999996,44.7,45.400000000000006,46.0,46.800000000000004,47.6,48.2,48.8,49.5,49.9,50.199999999999996,50.5,50.699999999999996,50.9,51.00000000000001,51.19999999999999,51.599999999999994,52.1
E38000134,29.500000000000004,29.900000000000002,30.3,30.599999999999998,31.1,31.599999999999998,32.1,32.599999999999994,33.4,33.9,34.3,34.9,35.3,35.800000000000004,36.1,36.5,36.9,37.00000000000001,37.4,37.3,37.50000000000001,37.5,37.6,37.7,37.699999999999996,37.9
E38000135,48.7,49.099999999999994,49.7,50.5,51.3,52.0,53.0,53.7,54.7,55.8,56.9,57.699999999999996,58.7,59.4,60.4,61.4,62.199999999999996,62.599999999999994,62.8,63.199999999999996,63.50000000000001,63.800000000000004,63.89999999999999,64.39999999999999,64.9,65.5
E38000136,151.80000000000004,154.6,157.6,160.70000000000002,164.2,167.79999999999998,171.5,175.59999999999997,179.6,183.59999999999997,187.49999999999997,191.3,194.80000000000004,198.10000000000002,201.2,204.4,207.29999999999998,209.7,211.6,213.70000000000002,214.89999999999998,216.29999999999998,217.8,219.49999999999997,221.39999999999998,223.39999999999998
E38000137,39.0,39.50000000000001,40.10000000000001,40.900000000000006,41.6,42.6,43.49999999999999,44.5,45.4,46.4,47.199999999999996,48.300000000000004,49.1,49.800000000000004,50.6,51.6,52.20000000000001,52.8,53.300000000000004,53.6,54.0,54.2,54.400000000000006,54.6,55.199999999999996,55.699999999999996
E38000138,49.7,50.7,51.79999999999999,52.699999999999996,54.0,55.1,56.1,57.50000000000001,58.60000000000001,60.19999999999999,61.29999999999999,62.699999999999996,64.1,65.5,66.7,68.10000000000001,69.4,70.80000000000001,72.1,73.39999999999999,74.80000000000001,76.4,77.7,79.39999999999998,81.1,83.0
E38000139,47.5,48.199999999999996,49.1,49.50000000000001,50.5,51.0,51.89999999999999,52.800000000000004,53.7,54.699999999999996,55.599999999999994,56.4,57.199999999999996,58.0,58.6,59.5,60.199999999999996,60.599999999999994,60.79999999999999,61.10000000000001,61.300000000000004,61.5,61.599999999999994,61.9,62.4,62.7
E38000140,39.0,39.6,40.4,41.4,42.300000000000004,43.1,44.2,45.300000000000004,46.50000000000001,47.8,48.900000000000006,50.1,51.300000000000004,52.199999999999996,53.4,54.49999999999999,55.699999999999996,57.00000000000001,58.0,59.0,60.0,60.9,61.800000000000004,62.699999999999996,63.900000000000006,64.7
E38000141,65.7,66.5,67.5,68.39999999999999,69.5,70.6,71.8,73.1,74.2,75.5,76.7,77.8,79.0,79.9,81.0,82.0,82.7,83.3,83.6,83.6,83.8,83.5,83.3,83.5,83.9,84.1
E38000142,30.700000000000003,30.999999999999996,31.5,32.0,32.7,33.4,34.0,34.9,35.4,36.2,37.00000000000001,37.6,38.3,38.8,39.5,39.9,40.5,41.0,41.300000000000004,41.50000000000001,41.800000000000004,42.0,42.3,42.599999999999994,42.9,43.1
E38000143,46.99999999999999,47.599999999999994,48.3,49.099999999999994,49.9,50.6,51.7,52.699999999999996,53.699999999999996,54.699999999999996,55.7,56.800000000000004,57.70000000000001,58.800000000000004,59.49999999999999,60.599999999999994,61.199999999999996,61.800000000000004,62.3,62.9,63.4,63.60000000000001,64.10000000000001,65.0,65.6,66.39999999999999
E38000144,85.2,85.9,86.9,87.79999999999998,89.00000000000001,90.4,92.1,93.6,95.5,97.5,99.29999999999998,101.3,103.19999999999999,105.00000000000001,106.89999999999999,108.40000000000002,110.0,111.49999999999999,112.6,113.69999999999999,114.7,115.7,116.7,118.0,119.29999999999998,120.8
E38000145,35.699999999999996,36.199999999999996,36.599999999999994,37.199999999999996,37.9,38.3,39.1,39.900000000000006,40.6,41.3,41.8,42.4,42.8,43.400000000000006,43.79999999999999,44.3,44.5,44.9,45.1,45.2,45.2,45.00000000000001,44.9,45.0,45.1,45.1
E38000146,118.9,120.29999999999998,121.6,123.0,124.69999999999999,126.5,128.6,130.7,132.60000000000002,134.6,136.7,139.10000000000002,141.39999999999998,143.60000000000002,145.8,147.7,149.40000000000003,150.7,151.4,152.20000000000002,152.6,152.89999999999998,153.4,154.20000000000002,155.5,156.39999999999998
E38000147,94.89999999999999,96.70000000000002,98.5,100.4,102.50000000000001,105.0,107.5,109.89999999999999,112.39999999999999,114.89999999999999,117.3,119.80000000000001,122.19999999999999,124.3,126.29999999999998,127.9,129.59999999999997,131.0,132.0,132.70000000000002,133.2,133.5,133.8,134.4,135.0,135.70000000000002
E38000148,20.299999999999997,20.7,21.099999999999998,21.7,22.000000000000004,22.700000000000003,23.400000000000002,23.900000000000002,24.300000000000004,25.000000000000004,25.799999999999997,26.299999999999997,26.9,27.399999999999995,28.1,28.599999999999998,29.3,29.900000000000002,30.5,31.000000000000004,31.599999999999998,32.3,33.0,33.8,34.5,35.2
E38000149,56.300000000000004,56.79999999999999,57.3,58.00000000000001,58.8,59.89999999999999,61.099999999999994,61.9,63.1,63.89999999999999,64.99999999999999,65.9,66.6,67.7,68.39999999999999,69.19999999999999,69.89999999999999,70.4,70.60000000000001,71.0,71.1,71.39999999999999,71.5,71.8,72.29999999999998,72.9
E38000150,167.2,170.20000000000002,173.60000000000002,177.0,180.5,184.4,188.5,192.60000000000002,197.0,201.3,205.5,209.8,213.60000000000002,217.20000000000002,220.8,224.20000000000002,227.40000000000003,229.79999999999995,231.6,233.3,234.59999999999997,235.59999999999997,236.60000000000002,238.0,239.4,240.79999999999998
E38000151,48.0,48.6,49.6,50.39999999999999,51.4,52.5,53.50000000000001,54.79999999999999,55.800000000000004,56.8,58.0,59.1,60.0,60.90000000000001,61.699999999999996,62.5,63.3,63.900000000000006,64.2,64.49999999999999,64.9,64.8,64.7,64.89999999999999,65.3,65.5
E38000152,93.2,94.7,96.2,97.80000000000001,99.49999999999999,101.4,103.5,105.7,107.9,110.1,112.30000000000001,114.50000000000001,116.2,118.10000000000001,119.7,121.4,122.8,124.0,124.89999999999999,125.8,126.39999999999999,126.7,127.1,127.9,128.59999999999997,129.3
E38000153,62.800000000000004,63.7,64.9,65.89999999999999,67.0,68.40000000000002,69.5,70.89999999999999,72.0,73.3,74.50000000000001,75.60000000000001,76.69999999999999,77.8,78.4,79.69999999999999,80.5,80.9,81.39999999999999,81.60000000000001,81.8,81.7,81.60000000000001,81.89999999999999,82.2,82.6
E38000154,61.59999999999999,62.8,63.9,65.4,66.7,68.1,69.6,71.1,72.69999999999999,74.20000000000002,75.6,76.99999999999999,78.29999999999998,79.8,80.7,82.10000000000001,83.0,83.89999999999999,84.60000000000001,85.10000000000001,85.7,86.1,86.2,86.80000000000001,87.4,87.8
E38000155,65.8,66.9,67.9,69.0,70.3,71.9,73.1,74.9,76.6,78.10000000000001,79.89999999999999,81.3,82.49999999999999,83.8,85.1,86.3,87.2,88.0,88.49999999999999,89.10000000000001,89.5,90.09999999999998,90.5,91.1,91.99999999999999,92.80000000000001
E38000156,61.2,62.49999999999999,63.7,65.0,66.39999999999999,67.8,69.30000000000001,70.89999999999999,72.7,74.5,76.2,78.0,79.5,81.10000000000001,82.6,84.1,85.3,86.4,87.5,88.10000000000001,88.89999999999999,89.39999999999999,90.10000000000001,90.8,91.7,92.70000000000002
E38000157,43.50000000000001,44.2,45.099999999999994,45.9,46.7,47.800000000000004,48.699999999999996,49.8,50.800000000000004,52.00000000000001,53.199999999999996,54.199999999999996,55.3,56.00000000000001,57.0,57.900000000000006,58.800000000000004,59.5,60.10000000000001,60.50000000000001,60.99999999999999,61.3,61.699999999999996,62.0,62.6,62.900000000000006
E38000158,25.8,26.1,26.4,26.8,27.299999999999997,27.7,28.3,28.9,29.7,30.3,30.900000000000002,31.900000000000006,32.4,33.0,33.7,34.400000000000006,34.900000000000006,35.400000000000006,35.89999999999999,36.199999999999996,36.599999999999994,37.0,37.3,38.0,38.5,39.00000000000001
E38000159,73.10000000000001,74.39999999999999,75.9,77.2,78.8,80.50000000000001,82.4,84.2,86.10000000000001,88.10000000000001,89.9,91.7,93.4,95.1,96.8,98.3,99.89999999999999,101.10000000000001,102.1,102.9,103.69999999999999,104.10000000000001,104.8,105.5,106.4,107.3
E38000160,14.7,15.0,15.2,15.299999999999999,15.899999999999999,16.2,16.599999999999998,16.999999999999996,17.2,17.7,18.1,18.5,19.000000000000004,19.4,19.699999999999996,19.999999999999996,20.5,20.8,21.0,21.299999999999997,21.6,21.900000000000002,22.099999999999998,22.399999999999995,22.599999999999998,23.100000000000005
E38000161,42.29999999999999,42.8,43.400000000000006,44.1,44.7,45.6,46.4,47.2,48.00000000000001,48.8,49.39999999999999,49.79999999999999,50.5,50.900000000000006,51.2,51.699999999999996,52.20000000000001,52.4,52.400000000000006,52.400000000000006,52.4,52.099999999999994,52.199999999999996,52.0,52.2,52.400000000000006
E38000162,67.8,68.49999999999999,69.6,70.9,71.80000000000001,72.89999999999999,74.2,75.6,76.80000000000001,78.1,79.19999999999999,80.2,80.9,81.80000000000001,82.49999999999999,82.99999999999999,83.60000000000001,83.8,83.8,83.8,83.7,83.2,83.2,83.0,83.0,83.0
E38000163,38.8,39.400000000000006,40.2,40.8,41.5,42.39999999999999,43.10000000000001,43.900000000000006,44.79999999999999,45.599999999999994,46.300000000000004,47.1,47.7,48.20000000000001,48.699999999999996,49.10000000000001,49.5,49.699999999999996,49.9,50.0,49.800000000000004,49.8,49.699999999999996,49.800000000000004,50.00000000000001,50.099999999999994
E38000164,72.3,73.2,74.0,75.39999999999999,76.4,77.69999999999999,78.99999999999999,80.3,81.9,83.10000000000001,84.5,85.80000000000001,87.10000000000001,88.3,89.2,90.29999999999998,91.3,92.1,92.7,92.89999999999999,93.3,93.39999999999999,93.6,93.8,94.4,94.8
E38000165,35.400000000000006,36.1,36.900000000000006,37.800000000000004,38.5,39.599999999999994,40.4,41.3,42.400000000000006,43.400000000000006,44.3,45.199999999999996,46.0,46.9,47.699999999999996,48.4,49.10000000000001,49.699999999999996,50.0,50.3,50.49999999999999,50.699999999999996,50.89999999999999,51.3,51.5,51.8
E38000166,86.49999999999999,87.99999999999999,89.6,91.4,93.20000000000002,95.0,97.1,99.3,101.4,103.7,105.7,107.8,109.80000000000001,111.50000000000003,113.29999999999998,115.0,116.5,117.7,118.5,119.19999999999999,119.8,120.2,120.4,121.10000000000001,121.9,122.60000000000001
E38000167,43.49999999999999,43.9,44.6,45.199999999999996,46.0,46.599999999999994,47.6,48.4,49.4,50.5,51.400000000000006,52.2,53.0,53.6,54.300000000000004,55.0,55.7,56.2,56.800000000000004,57.20000000000001,57.69999999999999,57.9,58.3,58.699999999999996,59.300000000000004,60.0
E38000168,44.0,44.599999999999994,45.3,46.0,46.900000000000006,48.0,48.9,50.099999999999994,51.3,52.5,53.599999999999994,54.8,55.800000000000004,57.00000000000001,58.10000000000001,59.0,60.099999999999994,61.10000000000001,62.099999999999994,62.8,63.4,64.1,64.89999999999999,65.80000000000001,66.60000000000001,67.5
E38000169,126.3,128.10000000000002,130.20000000000002,132.4,134.7,137.29999999999998,140.20000000000002,143.50000000000003,146.6,149.9,153.20000000000002,156.5,159.40000000000003,162.50000000000003,165.0,167.9,170.29999999999998,171.9,173.59999999999997,174.70000000000002,175.49999999999997,176.2,176.60000000000002,177.4,178.6,180.0
E38000170,37.9,38.49999999999999,39.0,39.699999999999996,40.2,41.0,41.800000000000004,42.2,43.2,43.8,44.39999999999999,45.099999999999994,45.5,46.1,46.6,47.1,47.7,47.9,48.099999999999994,48.2,48.2,48.3,48.2,48.4,48.5,48.5
E38000171,35.6,36.699999999999996,38.1,39.3,40.8,42.5,44.0,45.60000000000001,47.5,49.0,50.599999999999994,52.2,53.6,55.2,56.5,57.699999999999996,59.0,60.199999999999996,61.400000000000006,62.50000000000001,63.400000000000006,64.5,65.60000000000001,66.8,68.1,69.4
E38000172,46.5,47.0,47.7,48.3,48.99999999999999,49.699999999999996,50.5,51.199999999999996,52.099999999999994,53.199999999999996,53.900000000000006,54.8,55.4,56.1,56.699999999999996,57.5,57.900000000000006,58.5,58.599999999999994,58.9,58.800000000000004,58.8,58.5,58.8,58.89999999999999,58.99999999999999
E38000173,44.0,44.400000000000006,45.300000000000004,45.9,46.8,47.4,48.400000000000006,49.3,50.2,51.099999999999994,52.0,52.800000000000004,53.6,54.300000000000004,54.9,55.7,56.2,56.60000000000001,56.89999999999999,56.9,57.0,57.00000000000001,56.800000000000004,56.9,57.1,57.099999999999994
E38000174,73.7,74.5,75.4,76.4,77.7,78.79999999999998,80.2,81.4,82.9,84.29999999999998,85.6,86.80000000000001,87.90000000000002,89.1,90.30000000000001,91.10000000000001,92.20000000000002,93.0,93.29999999999998,93.7,93.80000000000001,94.4,94.6,95.10000000000001,95.8,96.4
E38000175,59.3,59.7,60.6,61.2,62.199999999999996,63.1,64.2,65.1,66.1,67.4,68.2,69.3,70.2,71.19999999999999,72.0,73.0,73.7,74.1,74.5,74.49999999999999,74.69999999999999,74.7,74.5,74.60000000000001,74.9,75.2
E38000176,69.5,70.4,71.7,72.80000000000001,73.80000000000001,75.2,76.3,77.5,78.8,80.2,81.0,82.1,83.20000000000002,84.00000000000001,84.8,85.7,86.2,86.6,86.60000000000001,86.5,86.3,85.9,85.50000000000001,85.5,85.39999999999999,85.3
E38000177,74.79999999999998,75.89999999999999,76.89999999999999,78.20000000000002,79.8,81.10000000000001,82.8,84.5,86.5,88.3,90.2,91.89999999999999,93.49999999999999,95.20000000000002,96.6,98.40000000000002,99.7,101.1,102.30000000000001,103.49999999999999,104.8,105.8,107.1,108.39999999999999,109.8,111.1
E38000178,23.5,23.9,24.4,24.8,25.4,25.9,26.2,26.900000000000002,27.400000000000002,28.100000000000005,28.599999999999998,29.099999999999998,29.700000000000003,30.1,30.6,31.299999999999997,31.7,32.0,32.2,32.599999999999994,33.099999999999994,33.0,33.5,33.6,34.0,34.2
E38000179,40.099999999999994,40.49999999999999,41.3,42.0,42.800000000000004,43.6,44.5,45.5,46.5,47.800000000000004,48.9,50.199999999999996,51.1,52.1,53.00000000000001,54.0,55.099999999999994,56.0,56.900000000000006,57.7,58.59999999999999,59.300000000000004,60.3,61.4,62.50000000000001,63.49999999999999
E38000180,27.3,27.800000000000004,28.499999999999996,29.299999999999997,29.899999999999995,30.7,31.4,32.3,33.2,34.1,34.900000000000006,35.7,36.6,37.300000000000004,38.2,38.8,39.4,40.1,40.5,40.800000000000004,41.4,41.7,41.9,42.3,43.0,43.39999999999999
E38000181,46.300000000000004,47.400000000000006,48.6,50.1,51.5,52.900000000000006,54.5,56.3,57.900000000000006,59.4,60.9,62.699999999999996,64.2,65.5,67.0,68.3,69.69999999999999,70.9,71.89999999999999,73.0,73.7,74.30000000000001,75.10000000000001,75.7,76.5,77.3
E38000182,59.1,59.89999999999999,60.9,62.099999999999994,62.9,64.4,65.5,67.10000000000001,68.5,69.9,71.39999999999999,72.50000000000001,73.80000000000001,74.89999999999999,75.8,77.0,77.80000000000001,78.4,78.6,79.1,79.1,79.1,79.3,79.50000000000001,79.9,80.2
E38000183,38.4,38.900000000000006,39.7,40.6,41.4,42.49999999999999,43.60000000000001,44.400000000000006,45.6,46.599999999999994,47.699999999999996,48.9,49.7,50.7,51.60000000000001,52.5,53.2,53.9,54.3,54.699999999999996,54.89999999999999,54.99999999999999,55.199999999999996,55.6,56.1,56.400000000000006
E38000184,41.2,41.99999999999999,42.9,43.6,44.6,45.4,46.6,47.7,48.900000000000006,50.099999999999994,51.199999999999996,52.4,53.400000000000006,54.39999999999999,55.6,56.5,57.70000000000001,58.5,59.3,59.900000000000006,60.4,60.9,61.60000000000001,62.4,63.00000000000001,63.89999999999999
E38000185,31.199999999999996,31.599999999999994,31.999999999999996,32.699999999999996,33.2,33.699999999999996,34.599999999999994,35.300000000000004,36.400000000000006,37.300000000000004,38.10000000000001,39.1,39.9,40.89999999999999,41.5,42.5,43.400000000000006,44.1,44.7,45.6,46.10000000000001,46.99999999999999,47.39999999999999,48.2,49.099999999999994,49.89999999999999
E38000186,26.3,27.300000000000004,28.400000000000002,29.5,30.599999999999998,32.0,33.0,34.4,35.8,36.99999999999999,38.4,40.1,41.50000000000001,43.1,44.6,46.2,47.8,49.300000000000004,51.099999999999994,52.699999999999996,54.3,56.199999999999996,58.0,59.699999999999996,61.8,63.9
E38000187,52.3,52.8,53.900000000000006,54.50000000000001,55.49999999999999,56.3,57.5,58.70000000000001,59.89999999999999,61.20000000000001,62.29999999999999,63.39999999999999,64.5,65.30000000000001,66.39999999999999,67.39999999999999,68.60000000000001,69.3,69.8,70.6,71.10000000000001,71.6,72.4,73.1,73.80000000000001,74.7
E38000188,91.19999999999999,92.5,93.99999999999999,95.60000000000001,97.4,99.5,101.30000000000001,103.5,105.5,107.49999999999999,109.50000000000003,111.29999999999998,113.19999999999999,114.8,116.50000000000001,118.20000000000002,119.4,120.39999999999999,121.1,121.8,121.89999999999999,122.1,122.3,122.70000000000002,123.4,123.69999999999999
E38000189,26.7,26.9,27.599999999999998,27.799999999999997,28.200000000000003,28.8,29.4,29.799999999999997,30.5,31.2,31.7,32.1,32.699999999999996,32.9,33.49999999999999,33.8,34.199999999999996,34.5,34.7,34.7,34.7,34.599999999999994,34.5,34.60000000000001,34.8,34.9
E38000190,82.60000000000001,83.7,85.4,87.1,88.70000000000002,90.5,92.3,94.0,95.8,97.7,99.5,101.5,103.50000000000001,105.10000000000001,106.70000000000002,108.39999999999999,109.5,110.50000000000001,111.2,111.59999999999998,112.20000000000002,111.9,112.10000000000001,112.5,113.19999999999999,113.80000000000001
E38000191,63.50000000000001,63.99999999999999,64.7,65.2,65.9,66.89999999999999,67.79999999999998,69.00000000000001,70.2,70.99999999999999,72.10000000000001,73.19999999999999,74.3,75.39999999999999,76.3,77.30000000000001,78.39999999999998,79.1,79.5,79.80000000000001,80.30000000000001,80.39999999999999,80.60000000000001,81.2,82.1,82.7
E38000192,38.99999999999999,39.699999999999996,40.6,41.89999999999999,42.8,43.7,45.000000000000014,46.0,47.3,48.599999999999994,50.0,51.199999999999996,52.300000000000004,53.8,54.9,56.2,57.5,58.5,59.5,60.6,61.6,62.7,63.9,65.30000000000001,66.69999999999999,68.10000000000001
E38000193,40.4,41.0,41.7,42.5,43.199999999999996,44.099999999999994,45.2,46.3,47.5,48.6,49.800000000000004,50.900000000000006,52.199999999999996,53.4,54.50000000000001,55.699999999999996,56.8,57.900000000000006,59.0,60.0,61.0,61.800000000000004,62.90000000000001,63.9,65.2,66.19999999999999
E38000194,48.89999999999999,49.7,50.699999999999996,51.8,52.900000000000006,54.00000000000001,55.2,56.9,58.199999999999996,59.6,60.900000000000006,62.20000000000001,63.4,64.30000000000001,65.39999999999999,66.39999999999999,67.39999999999999,68.2,68.69999999999999,69.3,69.5,69.69999999999999,70.19999999999999,70.4,70.9,71.39999999999999
E38000195,48.9,49.8,50.7,51.3,52.3,53.10000000000001,54.199999999999996,55.199999999999996,56.199999999999996,57.20000000000001,58.4,59.5,60.400000000000006,61.19999999999999,61.900000000000006,62.9,63.29999999999999,63.99999999999999,64.4,64.5,64.8,64.69999999999999,64.9,65.1,65.4,65.8
E38000196,63.8,64.6,65.7,66.7,67.89999999999999,69.2,70.39999999999999,71.9,73.4,74.9,76.0,77.2,78.50000000000001,79.8,80.7,81.7,82.6,83.29999999999998,83.9,84.19999999999999,84.2,84.30000000000001,84.4,84.6,84.80000000000001,85.1
E38000197,71.6,72.89999999999999,74.10000000000001,75.5,77.0,78.69999999999999,80.3,82.10000000000001,84.00000000000001,85.90000000000002,87.8,89.59999999999998,91.30000000000001,93.1,94.69999999999999,96.30000000000001,97.80000000000001,99.0,100.2,101.6,102.5,103.69999999999999,104.60000000000001,106.1,107.60000000000002,108.89999999999999
E38000198,161.50000000000003,164.4,167.39999999999995,170.70000000000002,173.7,177.0,180.7,184.60000000000005,188.5,192.5,196.19999999999996,199.6,202.7,206.00000000000003,208.70000000000002,211.7,214.39999999999998,216.79999999999998,218.5,220.3,221.6,222.5,223.6,224.79999999999998,226.7,227.90000000000003
E38000199,117.0,119.00000000000001,121.1,123.5,125.5,127.89999999999999,130.8,133.5,136.6,139.89999999999998,143.0,146.1,149.0,151.8,154.4,156.9,159.49999999999997,161.70000000000002,163.60000000000002,165.4,166.79999999999998,168.1,169.4,171.2,173.3,175.29999999999998
E38000200,31.2,31.299999999999997,32.0,32.4,33.0,33.4,34.099999999999994,34.699999999999996,35.4,35.9,36.5,37.0,37.4,37.9,38.099999999999994,38.6,39.1,39.2,39.20000000000001,39.3,39.4,39.1,39.0,38.900000000000006,38.900000000000006,38.7
E38000201,98.3,99.89999999999999,101.80000000000001,103.69999999999999,105.8,107.89999999999999,110.4,113.0,115.39999999999998,117.99999999999999,120.6,122.8,125.3,127.60000000000001,129.6,132.1,133.89999999999998,135.40000000000003,136.70000000000002,137.6,138.39999999999998,138.8,139.4,140.3,141.4,142.4
E38000202,39.8,40.699999999999996,41.8,43.0,44.199999999999996,45.300000000000004,46.4,47.599999999999994,49.0,50.1,51.3,52.4,53.7,54.7,55.699999999999996,56.7,57.699999999999996,58.699999999999996,59.7,60.400000000000006,61.199999999999996,62.00000000000001,62.9,63.89999999999999,64.69999999999999,65.60000000000001
E38000203,56.99999999999999,57.8,58.6,59.4,60.199999999999996,61.4,62.39999999999999,63.7,64.8,66.2,67.3,68.4,69.60000000000001,70.8,71.50000000000001,72.7,73.4,74.2,74.9,75.3,75.6,75.9,76.19999999999999,76.6,77.1,77.60000000000001
E38000204,62.4,63.6,64.6,65.89999999999999,67.19999999999999,68.6,70.0,71.69999999999999,73.30000000000001,74.8,76.5,78.00000000000001,79.39999999999998,80.89999999999999,82.10000000000001,83.5,84.69999999999999,85.5,86.2,87.0,87.6,88.0,88.49999999999999,89.1,89.7,90.4
E38000205,78.19999999999999,79.19999999999997,80.5,81.79999999999998,83.2,84.7,86.39999999999999,88.1,90.10000000000001,91.89999999999999,93.8,95.50000000000001,97.3,99.1,100.39999999999999,102.10000000000001,103.3,104.3,105.0,105.4,105.6,105.7,105.49999999999999,105.99999999999999,106.4,106.89999999999998
E38000206,130.9,133.60000000000002,136.7,140.0,143.29999999999998,147.10000000000002,150.7,154.5,158.4,162.2,166.2,170.10000000000002,173.59999999999997,177.1,180.4,183.6,186.5,188.99999999999997,191.00000000000003,192.6,193.9,195.0,195.8,197.00000000000003,198.6,199.7
E38000207,31.999999999999996,32.4,33.0,33.4,33.9,34.7,35.400000000000006,36.1,36.79999999999999,37.599999999999994,38.5,39.199999999999996,39.7,40.5,41.199999999999996,41.9,42.39999999999999,43.2,43.7,44.300000000000004,44.7,45.1,45.6,45.89999999999999,46.6,47.2
E38000208,87.7,88.59999999999998,89.9,91.30000000000001,92.6,94.1,95.7,97.4,99.10000000000001,100.7,102.1,103.4,104.9,106.0,107.19999999999999,108.29999999999997,109.30000000000001,109.69999999999999,109.89999999999999,110.3,110.6,110.50000000000001,110.39999999999999,110.6,110.89999999999999,111.30000000000001
E38000209,36.89999999999999,37.39999999999999,38.4,39.1,40.0,40.9,41.8,42.699999999999996,43.5,44.50000000000001,45.099999999999994,46.2,46.9,47.699999999999996,48.49999999999999,49.199999999999996,49.900000000000006,50.7,51.3,51.8,52.3,52.9,53.49999999999999,54.099999999999994,54.70000000000001,55.300000000000004
E38000210,55.6,56.1,56.699999999999996,57.400000000000006,58.2,58.800000000000004,59.9,60.9,62.0,63.2,64.3,65.3,66.2,67.3,68.6,69.8,70.69999999999999,71.4,72.1,72.7,73.0,73.5,73.69999999999999,74.2,75.0,75.7
E38000211,30.400000000000006,30.700000000000003,31.0,31.299999999999997,31.7,32.2,32.599999999999994,33.099999999999994,33.7,34.3,34.8,35.300000000000004,36.0,36.300000000000004,36.99999999999999,37.49999999999999,37.7,38.0,38.099999999999994,38.300000000000004,38.4,38.3,38.5,38.4,38.6,38.699999999999996
E38000212,105.80000000000003,107.10000000000001,108.8,110.60000000000001,111.99999999999999,113.7,115.6,117.50000000000001,119.39999999999999,121.30000000000001,122.89999999999998,124.7,126.1,127.3,128.5,130.0,131.1,131.8,132.2,132.4,132.8,132.8,132.9,133.3,134.0,134.60000000000002
E38000213,160.5,163.2,166.20000000000002,169.50000000000003,172.79999999999998,176.1,180.1,184.20000000000002,188.40000000000003,192.9,197.10000000000002,201.39999999999998,205.70000000000002,209.80000000000004,213.29999999999998,217.4,221.0,224.19999999999996,227.10000000000002,229.59999999999997,231.9,234.1,236.09999999999997,238.39999999999998,241.3,243.8
E38000214,48.900000000000006,49.6,50.2,50.89999999999999,51.7,52.599999999999994,53.4,54.19999999999999,55.19999999999999,56.400000000000006,57.300000000000004,58.1,59.0,59.9,60.7,61.300000000000004,62.5,63.2,63.8,64.5,65.0,65.4,65.89999999999999,66.2,66.80000000000001,67.29999999999998
