Time period,OrgCode,Part,MonitoringCategory,Total
2017/18,E06000001,2A,Allocation,204887
2017/18,E06000001,2B,Spend - other,0
2017/18,E06000001,2B,Spend - pharma,77104
2017/18,E06000001,2B,Spend - services,204887
2017/18,E06000002,2A,Allocation,375705
2017/18,E06000002,2B,Spend - other,79933
2017/18,E06000002,2B,Spend - pharma,76536
2017/18,E06000002,2B,Spend - services,231728
2017/18,E06000003,2A,Allocation,216300
2017/18,E06000003,2B,Spend - other,109193
2017/18,E06000003,2B,Spend - pharma,99171
2017/18,E06000003,2B,Spend - services,311193
2017/18,E06000004,2A,Allocation,382442
2017/18,E06000004,2B,Spend - other,0
2017/18,E06000004,2B,Spend - pharma,53286
2017/18,E06000004,2B,Spend - services,382442
2017/18,E06000005,2A,Allocation,100000
2017/18,E06000005,2B,Spend - other,0
2017/18,E06000005,2B,Spend - pharma,3
2017/18,E06000005,2B,Spend - services,100000
2017/18,E06000006,2A,Allocation,213659
2017/18,E06000006,2B,Spend - other,0
2017/18,E06000006,2B,Spend - pharma,0
2017/18,E06000006,2B,Spend - services,213659
2017/18,E06000007,2A,Allocation,355763
2017/18,E06000007,2B,Spend - other,0
2017/18,E06000007,2B,Spend - pharma,25000
2017/18,E06000007,2B,Spend - services,355763
2017/18,E06000008,2A,Allocation,180400
2017/18,E06000008,2B,Spend - other,0
2017/18,E06000008,2B,Spend - pharma,199589
2017/18,E06000008,2B,Spend - services,11900
2017/18,E06000009,2A,Allocation,215000
2017/18,E06000009,2B,Spend - other,0
2017/18,E06000009,2B,Spend - pharma,20000
2017/18,E06000009,2B,Spend - services,130625
2017/18,E06000010,2A,Allocation,390000
2017/18,E06000010,2B,Spend - other,50037
2017/18,E06000010,2B,Spend - pharma,138819
2017/18,E06000010,2B,Spend - services,428376
2017/18,E06000011,2A,Allocation,175000
2017/18,E06000011,2B,Spend - other,0
2017/18,E06000011,2B,Spend - pharma,90788
2017/18,E06000011,2B,Spend - services,123224
2017/18,E06000012,2A,Allocation,247100
2017/18,E06000012,2B,Spend - other,0
2017/18,E06000012,2B,Spend - pharma,18439
2017/18,E06000012,2B,Spend - services,253968
2017/18,E06000015,2A,Allocation,0
2017/18,E06000015,2B,Spend - other,0
2017/18,E06000015,2B,Spend - pharma,79000
2017/18,E06000015,2B,Spend - services,0
2017/18,E06000016,2A,Allocation,431129
2017/18,E06000016,2B,Spend - other,0
2017/18,E06000016,2B,Spend - pharma,185000
2017/18,E06000016,2B,Spend - services,430000
2017/18,E06000017,2A,Allocation,17254
2017/18,E06000017,2B,Spend - other,0
2017/18,E06000017,2B,Spend - pharma,3067
2017/18,E06000017,2B,Spend - services,17254
2017/18,E06000018,2A,Allocation,0
2017/18,E06000018,2B,Spend - other,0
2017/18,E06000018,2B,Spend - pharma,0
2017/18,E06000018,2B,Spend - services,0
2017/18,E06000019,2A,Allocation,194000
2017/18,E06000019,2B,Spend - other,0
2017/18,E06000019,2B,Spend - pharma,28285
2017/18,E06000019,2B,Spend - services,9990
2017/18,E06000020,2A,Allocation,429200
2017/18,E06000020,2B,Spend - other,0
2017/18,E06000020,2B,Spend - pharma,0
2017/18,E06000020,2B,Spend - services,320552
2017/18,E06000021,2A,Allocation,640120
2017/18,E06000021,2B,Spend - other,0
2017/18,E06000021,2B,Spend - pharma,279729
2017/18,E06000021,2B,Spend - services,397488
2017/18,E06000022,2A,Allocation,289005
2017/18,E06000022,2B,Spend - other,0
2017/18,E06000022,2B,Spend - pharma,43383
2017/18,E06000022,2B,Spend - services,266345
2017/18,E06000023,2A,Allocation,520000
2017/18,E06000023,2B,Spend - other,82078
2017/18,E06000023,2B,Spend - pharma,250508
2017/18,E06000023,2B,Spend - services,304458
2017/18,E06000024,2A,Allocation,183510
2017/18,E06000024,2B,Spend - other,32000
2017/18,E06000024,2B,Spend - pharma,69724
2017/18,E06000024,2B,Spend - services,168284
2017/18,E06000025,2A,Allocation,195156
2017/18,E06000025,2B,Spend - other,8389
2017/18,E06000025,2B,Spend - pharma,27099
2017/18,E06000025,2B,Spend - services,131469
2017/18,E06000026,2A,Allocation,510005
2017/18,E06000026,2B,Spend - other,0
2017/18,E06000026,2B,Spend - pharma,368420
2017/18,E06000026,2B,Spend - services,325521
2017/18,E06000027,2A,Allocation,104000
2017/18,E06000027,2B,Spend - other,0
2017/18,E06000027,2B,Spend - pharma,0
2017/18,E06000027,2B,Spend - services,104000
2017/18,E06000028,2A,Allocation,0
2017/18,E06000028,2B,Spend - other,0
2017/18,E06000028,2B,Spend - pharma,0
2017/18,E06000028,2B,Spend - services,0
2017/18,E06000029,2A,Allocation,0
2017/18,E06000029,2B,Spend - other,0
2017/18,E06000029,2B,Spend - pharma,0
2017/18,E06000029,2B,Spend - services,0
2017/18,E06000030,2A,Allocation,0
2017/18,E06000030,2B,Spend - other,0
2017/18,E06000030,2B,Spend - pharma,0
2017/18,E06000030,2B,Spend - services,0
2017/18,E06000031,2A,Allocation,206400
2017/18,E06000031,2B,Spend - other,0
2017/18,E06000031,2B,Spend - pharma,185871
2017/18,E06000031,2B,Spend - services,156038
2017/18,E06000032,2A,Allocation,322000
2017/18,E06000032,2B,Spend - other,0
2017/18,E06000032,2B,Spend - pharma,60550
2017/18,E06000032,2B,Spend - services,320000
2017/18,E06000033,2A,Allocation,0
2017/18,E06000033,2B,Spend - other,0
2017/18,E06000033,2B,Spend - pharma,0
2017/18,E06000033,2B,Spend - services,0
2017/18,E06000034,2A,Allocation,90000
2017/18,E06000034,2B,Spend - other,0
2017/18,E06000034,2B,Spend - pharma,0
2017/18,E06000034,2B,Spend - services,1000
2017/18,E06000035,2A,Allocation,556360
2017/18,E06000035,2B,Spend - other,0
2017/18,E06000035,2B,Spend - pharma,133460
2017/18,E06000035,2B,Spend - services,483257
2017/18,E06000036,2A,Allocation,150000
2017/18,E06000036,2B,Spend - other,0
2017/18,E06000036,2B,Spend - pharma,0
2017/18,E06000036,2B,Spend - services,150000
2017/18,E06000037,2A,Allocation,150000
2017/18,E06000037,2B,Spend - other,0
2017/18,E06000037,2B,Spend - pharma,0
2017/18,E06000037,2B,Spend - services,150000
2017/18,E06000038,2A,Allocation,355000
2017/18,E06000038,2B,Spend - other,0
2017/18,E06000038,2B,Spend - pharma,0
2017/18,E06000038,2B,Spend - services,355000
2017/18,E06000039,2A,Allocation,300000
2017/18,E06000039,2B,Spend - other,0
2017/18,E06000039,2B,Spend - pharma,0
2017/18,E06000039,2B,Spend - services,300000
2017/18,E06000040,2A,Allocation,93000
2017/18,E06000040,2B,Spend - other,0
2017/18,E06000040,2B,Spend - pharma,0
2017/18,E06000040,2B,Spend - services,63600
2017/18,E06000041,2A,Allocation,150000
2017/18,E06000041,2B,Spend - other,0
2017/18,E06000041,2B,Spend - pharma,0
2017/18,E06000041,2B,Spend - services,150000
2017/18,E06000042,2A,Allocation,356547
2017/18,E06000042,2B,Spend - other,0
2017/18,E06000042,2B,Spend - pharma,257927
2017/18,E06000042,2B,Spend - services,356547
2017/18,E06000043,2A,Allocation,483097
2017/18,E06000043,2B,Spend - other,90346
2017/18,E06000043,2B,Spend - pharma,59196
2017/18,E06000043,2B,Spend - services,275758
2017/18,E06000044,2A,Allocation,55000
2017/18,E06000044,2B,Spend - other,0
2017/18,E06000044,2B,Spend - pharma,34495
2017/18,E06000044,2B,Spend - services,35922
2017/18,E06000045,2A,Allocation,304935
2017/18,E06000045,2B,Spend - other,99998
2017/18,E06000045,2B,Spend - pharma,52343
2017/18,E06000045,2B,Spend - services,304000
2017/18,E06000047,2A,Allocation,1497620
2017/18,E06000047,2B,Spend - other,0
2017/18,E06000047,2B,Spend - pharma,477238
2017/18,E06000047,2B,Spend - services,1497620
2017/18,E06000049,2A,Allocation,220000
2017/18,E06000049,2B,Spend - other,0
2017/18,E06000049,2B,Spend - pharma,137558
2017/18,E06000049,2B,Spend - services,220000
2017/18,E06000050,2A,Allocation,0
2017/18,E06000050,2B,Spend - other,0
2017/18,E06000050,2B,Spend - pharma,0
2017/18,E06000050,2B,Spend - services,0
2017/18,E06000051,2A,Allocation,195000
2017/18,E06000051,2B,Spend - other,0
2017/18,E06000051,2B,Spend - pharma,100000
2017/18,E06000051,2B,Spend - services,195000
2017/18,E06000052,2A,Allocation,433277
2017/18,E06000052,2B,Spend - other,0
2017/18,E06000052,2B,Spend - pharma,46856
2017/18,E06000052,2B,Spend - services,400044
2017/18,E06000053,2A,Allocation,5000
2017/18,E06000053,2B,Spend - other,0
2017/18,E06000053,2B,Spend - pharma,0
2017/18,E06000053,2B,Spend - services,5000
2017/18,E06000054,2A,Allocation,72000
2017/18,E06000054,2B,Spend - other,0
2017/18,E06000054,2B,Spend - pharma,10326
2017/18,E06000054,2B,Spend - services,72000
2017/18,E06000055,2A,Allocation,189480
2017/18,E06000055,2B,Spend - other,0
2017/18,E06000055,2B,Spend - pharma,59378
2017/18,E06000055,2B,Spend - services,134841
2017/18,E06000056,2A,Allocation,270560
2017/18,E06000056,2B,Spend - other,0
2017/18,E06000056,2B,Spend - pharma,124908
2017/18,E06000056,2B,Spend - services,220669
2017/18,E06000057,2A,Allocation,374900
2017/18,E06000057,2B,Spend - other,0
2017/18,E06000057,2B,Spend - pharma,272645
2017/18,E06000057,2B,Spend - services,374900
2017/18,E08000002,2A,Allocation,0
2017/18,E08000002,2B,Spend - other,0
2017/18,E08000002,2B,Spend - pharma,0
2017/18,E08000002,2B,Spend - services,0
2017/18,E08000004,2A,Allocation,285000
2017/18,E08000004,2B,Spend - other,0
2017/18,E08000004,2B,Spend - pharma,0
2017/18,E08000004,2B,Spend - services,285000
2017/18,E08000005,2A,Allocation,350780
2017/18,E08000005,2B,Spend - other,0
2017/18,E08000005,2B,Spend - pharma,50874
2017/18,E08000005,2B,Spend - services,350780
2017/18,E08000006,2A,Allocation,767121
2017/18,E08000006,2B,Spend - other,0
2017/18,E08000006,2B,Spend - pharma,95000
2017/18,E08000006,2B,Spend - services,767121
2017/18,E08000007,2A,Allocation,374755
2017/18,E08000007,2B,Spend - other,0
2017/18,E08000007,2B,Spend - pharma,310448
2017/18,E08000007,2B,Spend - services,380217
2017/18,E08000008,2A,Allocation,0
2017/18,E08000008,2B,Spend - other,0
2017/18,E08000008,2B,Spend - pharma,0
2017/18,E08000008,2B,Spend - services,0
2017/18,E08000009,2A,Allocation,70668
2017/18,E08000009,2B,Spend - other,0
2017/18,E08000009,2B,Spend - pharma,190588
2017/18,E08000009,2B,Spend - services,28002
2017/18,E08000010,2A,Allocation,0
2017/18,E08000010,2B,Spend - other,0
2017/18,E08000010,2B,Spend - pharma,0
2017/18,E08000010,2B,Spend - services,0
2017/18,E08000011,2A,Allocation,666050
2017/18,E08000011,2B,Spend - other,37640
2017/18,E08000011,2B,Spend - pharma,187449
2017/18,E08000011,2B,Spend - services,549875
2017/18,E08000012,2A,Allocation,478850
2017/18,E08000012,2B,Spend - other,0
2017/18,E08000012,2B,Spend - pharma,354055
2017/18,E08000012,2B,Spend - services,478850
2017/18,E08000013,2A,Allocation,716799
2017/18,E08000013,2B,Spend - other,0
2017/18,E08000013,2B,Spend - pharma,76713
2017/18,E08000013,2B,Spend - services,710476
2017/18,E08000014,2A,Allocation,412000
2017/18,E08000014,2B,Spend - other,5500
2017/18,E08000014,2B,Spend - pharma,184252
2017/18,E08000014,2B,Spend - services,412000
2017/18,E08000015,2A,Allocation,0
2017/18,E08000015,2B,Spend - other,0
2017/18,E08000015,2B,Spend - pharma,208111
2017/18,E08000015,2B,Spend - services,491889
2017/18,E08000016,2A,Allocation,0
2017/18,E08000016,2B,Spend - other,0
2017/18,E08000016,2B,Spend - pharma,0
2017/18,E08000016,2B,Spend - services,0
2017/18,E08000017,2A,Allocation,0
2017/18,E08000017,2B,Spend - other,0
2017/18,E08000017,2B,Spend - pharma,0
2017/18,E08000017,2B,Spend - services,0
2017/18,E08000018,2A,Allocation,550785
2017/18,E08000018,2B,Spend - other,0
2017/18,E08000018,2B,Spend - pharma,320108
2017/18,E08000018,2B,Spend - services,349546
2017/18,E08000019,2A,Allocation,580000
2017/18,E08000019,2B,Spend - other,0
2017/18,E08000019,2B,Spend - pharma,180931
2017/18,E08000019,2B,Spend - services,417637
2017/18,E08000021,2A,Allocation,355398
2017/18,E08000021,2B,Spend - other,75590
2017/18,E08000021,2B,Spend - pharma,212388
2017/18,E08000021,2B,Spend - services,267010
2017/18,E08000022,2A,Allocation,50000
2017/18,E08000022,2B,Spend - other,0
2017/18,E08000022,2B,Spend - pharma,151122
2017/18,E08000022,2B,Spend - services,45306
2017/18,E08000023,2A,Allocation,479600
2017/18,E08000023,2B,Spend - other,0
2017/18,E08000023,2B,Spend - pharma,316937
2017/18,E08000023,2B,Spend - services,477913
2017/18,E08000024,2A,Allocation,359980
2017/18,E08000024,2B,Spend - other,27213
2017/18,E08000024,2B,Spend - pharma,380928
2017/18,E08000024,2B,Spend - services,274991
2017/18,E08000025,2A,Allocation,2000000
2017/18,E08000025,2B,Spend - other,0
2017/18,E08000025,2B,Spend - pharma,0
2017/18,E08000025,2B,Spend - services,558163
2017/18,E08000026,2A,Allocation,554020
2017/18,E08000026,2B,Spend - other,0
2017/18,E08000026,2B,Spend - pharma,328101
2017/18,E08000026,2B,Spend - services,527400
2017/18,E08000027,2A,Allocation,230000
2017/18,E08000027,2B,Spend - other,3000
2017/18,E08000027,2B,Spend - pharma,44000
2017/18,E08000027,2B,Spend - services,445000
2017/18,E08000028,2A,Allocation,808000
2017/18,E08000028,2B,Spend - other,0
2017/18,E08000028,2B,Spend - pharma,0
2017/18,E08000028,2B,Spend - services,563607
2017/18,E08000029,2A,Allocation,328060
2017/18,E08000029,2B,Spend - other,7800
2017/18,E08000029,2B,Spend - pharma,111040
2017/18,E08000029,2B,Spend - services,309771
2017/18,E08000030,2A,Allocation,0
2017/18,E08000030,2B,Spend - other,0
2017/18,E08000030,2B,Spend - pharma,0
2017/18,E08000030,2B,Spend - services,400130
2017/18,E08000031,2A,Allocation,46000
2017/18,E08000031,2B,Spend - other,0
2017/18,E08000031,2B,Spend - pharma,140150
2017/18,E08000031,2B,Spend - services,27733
2017/18,E08000033,2A,Allocation,0
2017/18,E08000033,2B,Spend - other,0
2017/18,E08000033,2B,Spend - pharma,0
2017/18,E08000033,2B,Spend - services,0
2017/18,E08000034,2A,Allocation,38095
2017/18,E08000034,2B,Spend - other,0
2017/18,E08000034,2B,Spend - pharma,36490
2017/18,E08000034,2B,Spend - services,26782
2017/18,E08000035,2A,Allocation,655200
2017/18,E08000035,2B,Spend - other,0
2017/18,E08000035,2B,Spend - pharma,73620
2017/18,E08000035,2B,Spend - services,655200
2017/18,E08000036,2A,Allocation,0
2017/18,E08000036,2B,Spend - other,0
2017/18,E08000036,2B,Spend - pharma,0
2017/18,E08000036,2B,Spend - services,0
2017/18,E08000037,2A,Allocation,150000
2017/18,E08000037,2B,Spend - other,54088
2017/18,E08000037,2B,Spend - pharma,152138
2017/18,E08000037,2B,Spend - services,116624
2017/18,E09000001,2A,Allocation,267342
2017/18,E09000001,2B,Spend - other,5386
2017/18,E09000001,2B,Spend - pharma,32217
2017/18,E09000001,2B,Spend - services,246892
2017/18,E09000002,2A,Allocation,669300
2017/18,E09000002,2B,Spend - other,0
2017/18,E09000002,2B,Spend - pharma,53955
2017/18,E09000002,2B,Spend - services,376431
2017/18,E09000003,2A,Allocation,170000
2017/18,E09000003,2B,Spend - other,0
2017/18,E09000003,2B,Spend - pharma,34171
2017/18,E09000003,2B,Spend - services,135829
2017/18,E09000004,2A,Allocation,244000
2017/18,E09000004,2B,Spend - other,0
2017/18,E09000004,2B,Spend - pharma,0
2017/18,E09000004,2B,Spend - services,241000
2017/18,E09000005,2A,Allocation,400000
2017/18,E09000005,2B,Spend - other,0
2017/18,E09000005,2B,Spend - pharma,149022
2017/18,E09000005,2B,Spend - services,318214
2017/18,E09000007,2A,Allocation,477679
2017/18,E09000007,2B,Spend - other,0
2017/18,E09000007,2B,Spend - pharma,201920
2017/18,E09000007,2B,Spend - services,477679
2017/18,E09000008,2A,Allocation,820000
2017/18,E09000008,2B,Spend - other,0
2017/18,E09000008,2B,Spend - pharma,136943
2017/18,E09000008,2B,Spend - services,454478
2017/18,E09000009,2A,Allocation,330200
2017/18,E09000009,2B,Spend - other,7000
2017/18,E09000009,2B,Spend - pharma,60500
2017/18,E09000009,2B,Spend - services,330200
2017/18,E09000011,2A,Allocation,219920
2017/18,E09000011,2B,Spend - other,0
2017/18,E09000011,2B,Spend - pharma,80740
2017/18,E09000011,2B,Spend - services,163107
2017/18,E09000012,2A,Allocation,880000
2017/18,E09000012,2B,Spend - other,12000
2017/18,E09000012,2B,Spend - pharma,250512
2017/18,E09000012,2B,Spend - services,680289
2017/18,E09000013,2A,Allocation,468906
2017/18,E09000013,2B,Spend - other,0
2017/18,E09000013,2B,Spend - pharma,0
2017/18,E09000013,2B,Spend - services,468906
2017/18,E09000014,2A,Allocation,194675
2017/18,E09000014,2B,Spend - other,0
2017/18,E09000014,2B,Spend - pharma,34034
2017/18,E09000014,2B,Spend - services,151328
2017/18,E09000016,2A,Allocation,16661
2017/18,E09000016,2B,Spend - other,0
2017/18,E09000016,2B,Spend - pharma,0
2017/18,E09000016,2B,Spend - services,27818
2017/18,E09000018,2A,Allocation,324184
2017/18,E09000018,2B,Spend - other,0
2017/18,E09000018,2B,Spend - pharma,11000
2017/18,E09000018,2B,Spend - services,81046
2017/18,E09000019,2A,Allocation,386185
2017/18,E09000019,2B,Spend - other,0
2017/18,E09000019,2B,Spend - pharma,280380
2017/18,E09000019,2B,Spend - services,386185
2017/18,E09000020,2A,Allocation,375124
2017/18,E09000020,2B,Spend - other,0
2017/18,E09000020,2B,Spend - pharma,0
2017/18,E09000020,2B,Spend - services,375124
2017/18,E09000021,2A,Allocation,184000
2017/18,E09000021,2B,Spend - other,0
2017/18,E09000021,2B,Spend - pharma,0
2017/18,E09000021,2B,Spend - services,184000
2017/18,E09000022,2A,Allocation,674711
2017/18,E09000022,2B,Spend - other,0
2017/18,E09000022,2B,Spend - pharma,65013
2017/18,E09000022,2B,Spend - services,537947
2017/18,E09000023,2A,Allocation,350000
2017/18,E09000023,2B,Spend - other,0
2017/18,E09000023,2B,Spend - pharma,236000
2017/18,E09000023,2B,Spend - services,350000
2017/18,E09000024,2A,Allocation,78772
2017/18,E09000024,2B,Spend - other,39341
2017/18,E09000024,2B,Spend - pharma,37561
2017/18,E09000024,2B,Spend - services,59458
2017/18,E09000025,2A,Allocation,200000
2017/18,E09000025,2B,Spend - other,0
2017/18,E09000025,2B,Spend - pharma,0
2017/18,E09000025,2B,Spend - services,35212
2017/18,E09000026,2A,Allocation,286949
2017/18,E09000026,2B,Spend - other,0
2017/18,E09000026,2B,Spend - pharma,62691
2017/18,E09000026,2B,Spend - services,313380
2017/18,E09000027,2A,Allocation,225400
2017/18,E09000027,2B,Spend - other,0
2017/18,E09000027,2B,Spend - pharma,70000
2017/18,E09000027,2B,Spend - services,225400
2017/18,E09000028,2A,Allocation,378909
2017/18,E09000028,2B,Spend - other,0
2017/18,E09000028,2B,Spend - pharma,74156
2017/18,E09000028,2B,Spend - services,367673
2017/18,E09000030,2A,Allocation,370000
2017/18,E09000030,2B,Spend - other,0
2017/18,E09000030,2B,Spend - pharma,100000
2017/18,E09000030,2B,Spend - services,315000
2017/18,E09000031,2A,Allocation,180250
2017/18,E09000031,2B,Spend - other,0
2017/18,E09000031,2B,Spend - pharma,67873
2017/18,E09000031,2B,Spend - services,183550
2017/18,E09000032,2A,Allocation,250867
2017/18,E09000032,2B,Spend - other,0
2017/18,E09000032,2B,Spend - pharma,79119
2017/18,E09000032,2B,Spend - services,250867
2017/18,E09000033,2A,Allocation,669865
2017/18,E09000033,2B,Spend - other,0
2017/18,E09000033,2B,Spend - pharma,0
2017/18,E09000033,2B,Spend - services,669865
2017/18,E10000002,2A,Allocation,291690
2017/18,E10000002,2B,Spend - other,76997
2017/18,E10000002,2B,Spend - pharma,8832
2017/18,E10000002,2B,Spend - services,229562
2017/18,E10000003,2A,Allocation,901000
2017/18,E10000003,2B,Spend - other,0
2017/18,E10000003,2B,Spend - pharma,701599
2017/18,E10000003,2B,Spend - services,630892
2017/18,E10000006,2A,Allocation,60000
2017/18,E10000006,2B,Spend - other,0
2017/18,E10000006,2B,Spend - pharma,128000
2017/18,E10000006,2B,Spend - services,54450
2017/18,E10000007,2A,Allocation,633802
2017/18,E10000007,2B,Spend - other,0
2017/18,E10000007,2B,Spend - pharma,109400
2017/18,E10000007,2B,Spend - services,286751
2017/18,E10000008,2A,Allocation,548250
2017/18,E10000008,2B,Spend - other,0
2017/18,E10000008,2B,Spend - pharma,9326
2017/18,E10000008,2B,Spend - services,548250
2017/18,E10000009,2A,Allocation,0
2017/18,E10000009,2B,Spend - other,0
2017/18,E10000009,2B,Spend - pharma,0
2017/18,E10000009,2B,Spend - services,0
2017/18,E10000011,2A,Allocation,552085
2017/18,E10000011,2B,Spend - other,0
2017/18,E10000011,2B,Spend - pharma,333093
2017/18,E10000011,2B,Spend - services,552085
2017/18,E10000012,2A,Allocation,1117382
2017/18,E10000012,2B,Spend - other,0
2017/18,E10000012,2B,Spend - pharma,170000
2017/18,E10000012,2B,Spend - services,1117382
2017/18,E10000013,2A,Allocation,0
2017/18,E10000013,2B,Spend - other,33730
2017/18,E10000013,2B,Spend - pharma,400005
2017/18,E10000013,2B,Spend - services,0
2017/18,E10000014,2A,Allocation,2136556
2017/18,E10000014,2B,Spend - other,0
2017/18,E10000014,2B,Spend - pharma,707179
2017/18,E10000014,2B,Spend - services,1420998
2017/18,E10000015,2A,Allocation,1238311
2017/18,E10000015,2B,Spend - other,0
2017/18,E10000015,2B,Spend - pharma,209172
2017/18,E10000015,2B,Spend - services,376653
2017/18,E10000016,2A,Allocation,1713207
2017/18,E10000016,2B,Spend - other,0
2017/18,E10000016,2B,Spend - pharma,250436
2017/18,E10000016,2B,Spend - services,1437932
2017/18,E10000017,2A,Allocation,1495880
2017/18,E10000017,2B,Spend - other,0
2017/18,E10000017,2B,Spend - pharma,634340
2017/18,E10000017,2B,Spend - services,1474111
2017/18,E10000018,2A,Allocation,354839
2017/18,E10000018,2B,Spend - other,0
2017/18,E10000018,2B,Spend - pharma,257810
2017/18,E10000018,2B,Spend - services,370664
2017/18,E10000019,2A,Allocation,649647
2017/18,E10000019,2B,Spend - other,181067
2017/18,E10000019,2B,Spend - pharma,489817
2017/18,E10000019,2B,Spend - services,264230
2017/18,E10000020,2A,Allocation,935000
2017/18,E10000020,2B,Spend - other,0
2017/18,E10000020,2B,Spend - pharma,604000
2017/18,E10000020,2B,Spend - services,935000
2017/18,E10000021,2A,Allocation,900000
2017/18,E10000021,2B,Spend - other,0
2017/18,E10000021,2B,Spend - pharma,783801
2017/18,E10000021,2B,Spend - services,501675
2017/18,E10000023,2A,Allocation,853000
2017/18,E10000023,2B,Spend - other,0
2017/18,E10000023,2B,Spend - pharma,375292
2017/18,E10000023,2B,Spend - services,492682
2017/18,E10000024,2A,Allocation,2040000
2017/18,E10000024,2B,Spend - other,0
2017/18,E10000024,2B,Spend - pharma,0
2017/18,E10000024,2B,Spend - services,656100
2017/18,E10000025,2A,Allocation,556000
2017/18,E10000025,2B,Spend - other,0
2017/18,E10000025,2B,Spend - pharma,348883
2017/18,E10000025,2B,Spend - services,400272
2017/18,E10000027,2A,Allocation,476000
2017/18,E10000027,2B,Spend - other,0
2017/18,E10000027,2B,Spend - pharma,229390
2017/18,E10000027,2B,Spend - services,477330
2017/18,E10000028,2A,Allocation,100000
2017/18,E10000028,2B,Spend - other,0
2017/18,E10000028,2B,Spend - pharma,0
2017/18,E10000028,2B,Spend - services,80000
2017/18,E10000029,2A,Allocation,908031
2017/18,E10000029,2B,Spend - other,0
2017/18,E10000029,2B,Spend - pharma,168522
2017/18,E10000029,2B,Spend - services,908031
2017/18,E10000030,2A,Allocation,685996
2017/18,E10000030,2B,Spend - other,0
2017/18,E10000030,2B,Spend - pharma,122380
2017/18,E10000030,2B,Spend - services,490352
2017/18,E10000031,2A,Allocation,400000
2017/18,E10000031,2B,Spend - other,3000
2017/18,E10000031,2B,Spend - pharma,138000
2017/18,E10000031,2B,Spend - services,185000
2017/18,E10000034,2A,Allocation,90000
2017/18,E10000034,2B,Spend - other,0
2017/18,E10000034,2B,Spend - pharma,0
2017/18,E10000034,2B,Spend - services,100772
