Time period,OrgCode,ParentOrgCode,QuitStatus,MonitoringCategory,Total
2017/18,E06000001,E12000001,Quit,Free prescriptions,339
2017/18,E06000001,E12000001,Set quit date,Free prescriptions,978
2017/18,E06000002,E12000001,Quit,Free prescriptions,454
2017/18,E06000002,E12000001,Set quit date,Free prescriptions,1221
2017/18,E06000003,E12000001,Quit,Free prescriptions,482
2017/18,E06000003,E12000001,Set quit date,Free prescriptions,1040
2017/18,E06000004,E12000001,Quit,Free prescriptions,508
2017/18,E06000004,E12000001,Set quit date,Free prescriptions,1408
2017/18,E06000005,E12000001,Quit,Free prescriptions,90
2017/18,E06000005,E12000001,Set quit date,Free prescriptions,174
2017/18,E06000006,E12000002,Quit,Free prescriptions,190
2017/18,E06000006,E12000002,Set quit date,Free prescriptions,491
2017/18,E06000007,E12000002,Quit,Free prescriptions,839
2017/18,E06000007,E12000002,Set quit date,Free prescriptions,1183
2017/18,E06000008,E12000002,Quit,Free prescriptions,318
2017/18,E06000008,E12000002,Set quit date,Free prescriptions,966
2017/18,E06000009,E12000002,Quit,Free prescriptions,133
2017/18,E06000009,E12000002,Set quit date,Free prescriptions,425
2017/18,E06000010,E12000003,Quit,Free prescriptions,788
2017/18,E06000010,E12000003,Set quit date,Free prescriptions,1242
2017/18,E06000011,E12000003,Quit,Free prescriptions,437
2017/18,E06000011,E12000003,Set quit date,Free prescriptions,867
2017/18,E06000012,E12000003,Quit,Free prescriptions,270
2017/18,E06000012,E12000003,Set quit date,Free prescriptions,565
2017/18,E06000013,E12000003,Quit,Free prescriptions,101
2017/18,E06000013,E12000003,Set quit date,Free prescriptions,155
2017/18,E06000015,E12000004,Quit,Free prescriptions,481
2017/18,E06000015,E12000004,Set quit date,Free prescriptions,755
2017/18,E06000016,E12000004,Quit,Free prescriptions,989
2017/18,E06000016,E12000004,Set quit date,Free prescriptions,1904
2017/18,E06000017,E12000004,Quit,Free prescriptions,23
2017/18,E06000017,E12000004,Set quit date,Free prescriptions,44
2017/18,E06000018,E12000004,Quit,Free prescriptions,585
2017/18,E06000018,E12000004,Set quit date,Free prescriptions,934
2017/18,E06000019,E12000005,Quit,Free prescriptions,53
2017/18,E06000019,E12000005,Set quit date,Free prescriptions,152
2017/18,E06000020,E12000005,Quit,Free prescriptions,496
2017/18,E06000020,E12000005,Set quit date,Free prescriptions,1082
2017/18,E06000021,E12000005,Quit,Free prescriptions,1271
2017/18,E06000021,E12000005,Set quit date,Free prescriptions,1857
2017/18,E06000022,E12000009,Quit,Free prescriptions,213
2017/18,E06000022,E12000009,Set quit date,Free prescriptions,320
2017/18,E06000023,E12000009,Quit,Free prescriptions,481
2017/18,E06000023,E12000009,Set quit date,Free prescriptions,1431
2017/18,E06000024,E12000009,Quit,Free prescriptions,376
2017/18,E06000024,E12000009,Set quit date,Free prescriptions,788
2017/18,E06000025,E12000009,Quit,Free prescriptions,162
2017/18,E06000025,E12000009,Set quit date,Free prescriptions,533
2017/18,E06000026,E12000009,Quit,Free prescriptions,413
2017/18,E06000026,E12000009,Set quit date,Free prescriptions,1087
2017/18,E06000027,E12000009,Quit,Free prescriptions,121
2017/18,E06000027,E12000009,Set quit date,Free prescriptions,253
2017/18,E06000028,E12000009,Quit,Free prescriptions,212
2017/18,E06000028,E12000009,Set quit date,Free prescriptions,431
2017/18,E06000029,E12000009,Quit,Free prescriptions,109
2017/18,E06000029,E12000009,Set quit date,Free prescriptions,200
2017/18,E06000030,E12000009,Quit,Free prescriptions,193
2017/18,E06000030,E12000009,Set quit date,Free prescriptions,652
2017/18,E06000031,E12000006,Quit,Free prescriptions,592
2017/18,E06000031,E12000006,Set quit date,Free prescriptions,1000
2017/18,E06000032,E12000006,Quit,Free prescriptions,380
2017/18,E06000032,E12000006,Set quit date,Free prescriptions,812
2017/18,E06000033,E12000006,Quit,Free prescriptions,408
2017/18,E06000033,E12000006,Set quit date,Free prescriptions,992
2017/18,E06000034,E12000006,Quit,Free prescriptions,157
2017/18,E06000034,E12000006,Set quit date,Free prescriptions,338
2017/18,E06000035,E12000008,Quit,Free prescriptions,591
2017/18,E06000035,E12000008,Set quit date,Free prescriptions,1123
2017/18,E06000036,E12000008,Quit,Free prescriptions,201
2017/18,E06000036,E12000008,Set quit date,Free prescriptions,274
2017/18,E06000037,E12000008,Quit,Free prescriptions,219
2017/18,E06000037,E12000008,Set quit date,Free prescriptions,321
2017/18,E06000038,E12000008,Quit,Free prescriptions,298
2017/18,E06000038,E12000008,Set quit date,Free prescriptions,472
2017/18,E06000039,E12000008,Quit,Free prescriptions,259
2017/18,E06000039,E12000008,Set quit date,Free prescriptions,367
2017/18,E06000040,E12000008,Quit,Free prescriptions,126
2017/18,E06000040,E12000008,Set quit date,Free prescriptions,186
2017/18,E06000041,E12000008,Quit,Free prescriptions,154
2017/18,E06000041,E12000008,Set quit date,Free prescriptions,249
2017/18,E06000042,E12000008,Quit,Free prescriptions,631
2017/18,E06000042,E12000008,Set quit date,Free prescriptions,1195
2017/18,E06000043,E12000008,Quit,Free prescriptions,439
2017/18,E06000043,E12000008,Set quit date,Free prescriptions,1170
2017/18,E06000044,E12000008,Quit,Free prescriptions,204
2017/18,E06000044,E12000008,Set quit date,Free prescriptions,376
2017/18,E06000045,E12000008,Quit,Free prescriptions,168
2017/18,E06000045,E12000008,Set quit date,Free prescriptions,349
2017/18,E06000047,E12000001,Quit,Free prescriptions,1645
2017/18,E06000047,E12000001,Set quit date,Free prescriptions,2767
2017/18,E06000049,E12000002,Quit,Free prescriptions,343
2017/18,E06000049,E12000002,Set quit date,Free prescriptions,868
2017/18,E06000050,E12000002,Quit,Free prescriptions,562
2017/18,E06000050,E12000002,Set quit date,Free prescriptions,1333
2017/18,E06000051,E12000005,Quit,Free prescriptions,437
2017/18,E06000051,E12000005,Set quit date,Free prescriptions,971
2017/18,E06000052,E12000009,Quit,Free prescriptions,1472
2017/18,E06000052,E12000009,Set quit date,Free prescriptions,3471
2017/18,E06000053,E12000009,Quit,Free prescriptions,2
2017/18,E06000053,E12000009,Set quit date,Free prescriptions,6
2017/18,E06000054,E12000009,Quit,Free prescriptions,519
2017/18,E06000054,E12000009,Set quit date,Free prescriptions,1064
2017/18,E06000055,E12000006,Quit,Free prescriptions,256
2017/18,E06000055,E12000006,Set quit date,Free prescriptions,481
2017/18,E06000056,E12000006,Quit,Free prescriptions,394
2017/18,E06000056,E12000006,Set quit date,Free prescriptions,615
2017/18,E06000057,E12000001,Quit,Free prescriptions,704
2017/18,E06000057,E12000001,Set quit date,Free prescriptions,1581
2017/18,E08000001,E12000002,Quit,Free prescriptions,90
2017/18,E08000001,E12000002,Set quit date,Free prescriptions,177
2017/18,E08000002,E12000002,Quit,Free prescriptions,198
2017/18,E08000002,E12000002,Set quit date,Free prescriptions,543
2017/18,E08000004,E12000002,Quit,Free prescriptions,409
2017/18,E08000004,E12000002,Set quit date,Free prescriptions,954
2017/18,E08000005,E12000002,Quit,Free prescriptions,325
2017/18,E08000005,E12000002,Set quit date,Free prescriptions,552
2017/18,E08000006,E12000002,Quit,Free prescriptions,1086
2017/18,E08000006,E12000002,Set quit date,Free prescriptions,2426
2017/18,E08000007,E12000002,Quit,Free prescriptions,160
2017/18,E08000007,E12000002,Set quit date,Free prescriptions,387
2017/18,E08000008,E12000002,Quit,Free prescriptions,374
2017/18,E08000008,E12000002,Set quit date,Free prescriptions,818
2017/18,E08000009,E12000002,Quit,Free prescriptions,31
2017/18,E08000009,E12000002,Set quit date,Free prescriptions,124
2017/18,E08000010,E12000002,Quit,Free prescriptions,512
2017/18,E08000010,E12000002,Set quit date,Free prescriptions,1251
2017/18,E08000011,E12000002,Quit,Free prescriptions,885
2017/18,E08000011,E12000002,Set quit date,Free prescriptions,1690
2017/18,E08000012,E12000002,Quit,Free prescriptions,1997
2017/18,E08000012,E12000002,Set quit date,Free prescriptions,4111
2017/18,E08000013,E12000002,Quit,Free prescriptions,863
2017/18,E08000013,E12000002,Set quit date,Free prescriptions,1708
2017/18,E08000014,E12000002,Quit,Free prescriptions,720
2017/18,E08000014,E12000002,Set quit date,Free prescriptions,1550
2017/18,E08000015,E12000002,Quit,Free prescriptions,1129
2017/18,E08000015,E12000002,Set quit date,Free prescriptions,2422
2017/18,E08000016,E12000003,Quit,Free prescriptions,617
2017/18,E08000016,E12000003,Set quit date,Free prescriptions,969
2017/18,E08000017,E12000003,Quit,Free prescriptions,887
2017/18,E08000017,E12000003,Set quit date,Free prescriptions,1630
2017/18,E08000018,E12000003,Quit,Free prescriptions,602
2017/18,E08000018,E12000003,Set quit date,Free prescriptions,1020
2017/18,E08000019,E12000003,Quit,Free prescriptions,679
2017/18,E08000019,E12000003,Set quit date,Free prescriptions,1366
2017/18,E08000021,E12000001,Quit,Free prescriptions,618
2017/18,E08000021,E12000001,Set quit date,Free prescriptions,1536
2017/18,E08000022,E12000001,Quit,Free prescriptions,428
2017/18,E08000022,E12000001,Set quit date,Free prescriptions,1131
2017/18,E08000023,E12000001,Quit,Free prescriptions,302
2017/18,E08000023,E12000001,Set quit date,Free prescriptions,701
2017/18,E08000024,E12000001,Quit,Free prescriptions,501
2017/18,E08000024,E12000001,Set quit date,Free prescriptions,1083
2017/18,E08000025,E12000005,Quit,Free prescriptions,0
2017/18,E08000025,E12000005,Set quit date,Free prescriptions,0
2017/18,E08000026,E12000005,Quit,Free prescriptions,1026
2017/18,E08000026,E12000005,Set quit date,Free prescriptions,2021
2017/18,E08000027,E12000005,Quit,Free prescriptions,172
2017/18,E08000027,E12000005,Set quit date,Free prescriptions,381
2017/18,E08000028,E12000005,Quit,Free prescriptions,823
2017/18,E08000028,E12000005,Set quit date,Free prescriptions,2246
2017/18,E08000029,E12000005,Quit,Free prescriptions,340
2017/18,E08000029,E12000005,Set quit date,Free prescriptions,834
2017/18,E08000030,E12000005,Quit,Free prescriptions,931
2017/18,E08000030,E12000005,Set quit date,Free prescriptions,1843
2017/18,E08000031,E12000005,Quit,Free prescriptions,330
2017/18,E08000031,E12000005,Set quit date,Free prescriptions,714
2017/18,E08000033,E12000003,Quit,Free prescriptions,462
2017/18,E08000033,E12000003,Set quit date,Free prescriptions,935
2017/18,E08000034,E12000003,Quit,Free prescriptions,0
2017/18,E08000034,E12000003,Set quit date,Free prescriptions,0
2017/18,E08000035,E12000003,Quit,Free prescriptions,434
2017/18,E08000035,E12000003,Set quit date,Free prescriptions,946
2017/18,E08000036,E12000003,Quit,Free prescriptions,639
2017/18,E08000036,E12000003,Set quit date,Free prescriptions,1017
2017/18,E08000037,E12000001,Quit,Free prescriptions,290
2017/18,E08000037,E12000001,Set quit date,Free prescriptions,622
2017/18,E09000001,E12000007,Quit,Free prescriptions,45
2017/18,E09000001,E12000007,Set quit date,Free prescriptions,91
2017/18,E09000002,E12000007,Quit,Free prescriptions,442
2017/18,E09000002,E12000007,Set quit date,Free prescriptions,889
2017/18,E09000003,E12000007,Quit,Free prescriptions,181
2017/18,E09000003,E12000007,Set quit date,Free prescriptions,396
2017/18,E09000004,E12000007,Quit,Free prescriptions,311
2017/18,E09000004,E12000007,Set quit date,Free prescriptions,601
2017/18,E09000005,E12000007,Quit,Free prescriptions,351
2017/18,E09000005,E12000007,Set quit date,Free prescriptions,844
2017/18,E09000007,E12000007,Quit,Free prescriptions,383
2017/18,E09000007,E12000007,Set quit date,Free prescriptions,720
2017/18,E09000008,E12000007,Quit,Free prescriptions,406
2017/18,E09000008,E12000007,Set quit date,Free prescriptions,499
2017/18,E09000009,E12000007,Quit,Free prescriptions,198
2017/18,E09000009,E12000007,Set quit date,Free prescriptions,346
2017/18,E09000011,E12000007,Quit,Free prescriptions,555
2017/18,E09000011,E12000007,Set quit date,Free prescriptions,1183
2017/18,E09000012,E12000007,Quit,Free prescriptions,984
2017/18,E09000012,E12000007,Set quit date,Free prescriptions,2031
2017/18,E09000013,E12000007,Quit,Free prescriptions,1280
2017/18,E09000013,E12000007,Set quit date,Free prescriptions,2333
2017/18,E09000014,E12000007,Quit,Free prescriptions,172
2017/18,E09000014,E12000007,Set quit date,Free prescriptions,433
2017/18,E09000016,E12000007,Quit,Free prescriptions,27
2017/18,E09000016,E12000007,Set quit date,Free prescriptions,39
2017/18,E09000017,E12000007,Quit,Free prescriptions,207
2017/18,E09000017,E12000007,Set quit date,Free prescriptions,491
2017/18,E09000018,E12000007,Quit,Free prescriptions,383
2017/18,E09000018,E12000007,Set quit date,Free prescriptions,775
2017/18,E09000019,E12000007,Quit,Free prescriptions,484
2017/18,E09000019,E12000007,Set quit date,Free prescriptions,943
2017/18,E09000020,E12000007,Quit,Free prescriptions,652
2017/18,E09000020,E12000007,Set quit date,Free prescriptions,1198
2017/18,E09000021,E12000007,Quit,Free prescriptions,223
2017/18,E09000021,E12000007,Set quit date,Free prescriptions,420
2017/18,E09000022,E12000007,Quit,Free prescriptions,284
2017/18,E09000022,E12000007,Set quit date,Free prescriptions,604
2017/18,E09000023,E12000007,Quit,Free prescriptions,236
2017/18,E09000023,E12000007,Set quit date,Free prescriptions,472
2017/18,E09000024,E12000007,Quit,Free prescriptions,24
2017/18,E09000024,E12000007,Set quit date,Free prescriptions,76
2017/18,E09000025,E12000007,Quit,Free prescriptions,303
2017/18,E09000025,E12000007,Set quit date,Free prescriptions,780
2017/18,E09000026,E12000007,Quit,Free prescriptions,579
2017/18,E09000026,E12000007,Set quit date,Free prescriptions,855
2017/18,E09000027,E12000007,Quit,Free prescriptions,126
2017/18,E09000027,E12000007,Set quit date,Free prescriptions,205
2017/18,E09000028,E12000007,Quit,Free prescriptions,238
2017/18,E09000028,E12000007,Set quit date,Free prescriptions,381
2017/18,E09000029,E12000007,Quit,Free prescriptions,73
2017/18,E09000029,E12000007,Set quit date,Free prescriptions,142
2017/18,E09000030,E12000007,Quit,Free prescriptions,1333
2017/18,E09000030,E12000007,Set quit date,Free prescriptions,2208
2017/18,E09000031,E12000007,Quit,Free prescriptions,166
2017/18,E09000031,E12000007,Set quit date,Free prescriptions,374
2017/18,E09000032,E12000007,Quit,Free prescriptions,379
2017/18,E09000032,E12000007,Set quit date,Free prescriptions,719
2017/18,E09000033,E12000007,Quit,Free prescriptions,1010
2017/18,E09000033,E12000007,Set quit date,Free prescriptions,1999
2017/18,E10000002,E12000008,Quit,Free prescriptions,374
2017/18,E10000002,E12000008,Set quit date,Free prescriptions,730
2017/18,E10000003,E12000006,Quit,Free prescriptions,986
2017/18,E10000003,E12000006,Set quit date,Free prescriptions,1715
2017/18,E10000006,E12000002,Quit,Free prescriptions,396
2017/18,E10000006,E12000002,Set quit date,Free prescriptions,1607
2017/18,E10000007,E12000004,Quit,Free prescriptions,555
2017/18,E10000007,E12000004,Set quit date,Free prescriptions,933
2017/18,E10000008,E12000009,Quit,Free prescriptions,564
2017/18,E10000008,E12000009,Set quit date,Free prescriptions,1442
2017/18,E10000009,E12000009,Quit,Free prescriptions,314
2017/18,E10000009,E12000009,Set quit date,Free prescriptions,670
2017/18,E10000011,E12000008,Quit,Free prescriptions,592
2017/18,E10000011,E12000008,Set quit date,Free prescriptions,1468
2017/18,E10000012,E12000006,Quit,Free prescriptions,788
2017/18,E10000012,E12000006,Set quit date,Free prescriptions,1049
2017/18,E10000013,E12000009,Quit,Free prescriptions,643
2017/18,E10000013,E12000009,Set quit date,Free prescriptions,1233
2017/18,E10000014,E12000008,Quit,Free prescriptions,1459
2017/18,E10000014,E12000008,Set quit date,Free prescriptions,2649
2017/18,E10000015,E12000006,Quit,Free prescriptions,1641
2017/18,E10000015,E12000006,Set quit date,Free prescriptions,3251
2017/18,E10000016,E12000008,Quit,Free prescriptions,1904
2017/18,E10000016,E12000008,Set quit date,Free prescriptions,3855
2017/18,E10000017,E12000002,Quit,Free prescriptions,3227
2017/18,E10000017,E12000002,Set quit date,Free prescriptions,6630
2017/18,E10000018,E12000004,Quit,Free prescriptions,447
2017/18,E10000018,E12000004,Set quit date,Free prescriptions,746
2017/18,E10000019,E12000004,Quit,Free prescriptions,1440
2017/18,E10000019,E12000004,Set quit date,Free prescriptions,3268
2017/18,E10000020,E12000006,Quit,Free prescriptions,1701
2017/18,E10000020,E12000006,Set quit date,Free prescriptions,3654
2017/18,E10000021,E12000004,Quit,Free prescriptions,880
2017/18,E10000021,E12000004,Set quit date,Free prescriptions,1953
2017/18,E10000023,E12000003,Quit,Free prescriptions,494
2017/18,E10000023,E12000003,Set quit date,Free prescriptions,812
2017/18,E10000024,E12000004,Quit,Free prescriptions,1082
2017/18,E10000024,E12000004,Set quit date,Free prescriptions,2083
2017/18,E10000025,E12000008,Quit,Free prescriptions,605
2017/18,E10000025,E12000008,Set quit date,Free prescriptions,1564
2017/18,E10000027,E12000009,Quit,Free prescriptions,347
2017/18,E10000027,E12000009,Set quit date,Free prescriptions,799
2017/18,E10000028,E12000005,Quit,Free prescriptions,83
2017/18,E10000028,E12000005,Set quit date,Free prescriptions,88
2017/18,E10000029,E12000006,Quit,Free prescriptions,1006
2017/18,E10000029,E12000006,Set quit date,Free prescriptions,2338
2017/18,E10000030,E12000008,Quit,Free prescriptions,810
2017/18,E10000030,E12000008,Set quit date,Free prescriptions,1890
2017/18,E10000031,E12000005,Quit,Free prescriptions,671
2017/18,E10000031,E12000005,Set quit date,Free prescriptions,1850
2017/18,E10000034,E12000005,Quit,Free prescriptions,97
2017/18,E10000034,E12000005,Set quit date,Free prescriptions,256
